name,equipment,primary_muscle,secondary_muscle,video,thumbnail,howTo
Bench Press (Barbell),Barbell,Chest,"Triceps, Shoulders",assets/media/exercises/ex_0001_video.mp4,assets/media/exercises/ex_0001_thumbnail.jpg,"1. Lie on the bench. | 2. Extend your arms and grab the bar evenly, having your hands slightly wider than shoulder-width apart. | 3. Bring your shoulder blades back and dig them into the bench. | 4. Arch your lower back and plant your feet flat on the floor. | 5. Take a breath, unrack the bar, and bring it over your chest. | 6. Inhale again and lower the barbell to your lower chest, tapping it slightly. | 7. Hold for a moment and press the bar until your elbows are straight. Exhale."
Bench Press (Dumbbell),Dumbbell,Chest,"Triceps, Shoulders",assets/media/exercises/ex_0002_video.mp4,assets/media/exercises/ex_0002_thumbnail.jpg,"1. Grab a pair of dumbbells, sit on a flat gym bench, and place both weights on top of your thighs. | 2. Bring your shoulders back, engage your abs, take a breath, and flex your arms. | 3. Kick both dumbbells up with your thighs as you lie back. | 4. With your arms straight and dumbbells over your chest, dig your shoulder blades into the bench and place your feet flat on the floor. | 5. Take another breath and lower both dumbbells to your sides. Keep your elbows somewhat tucked. | 6. Lower the weights until your elbows are at torso level. | 7. Press both dumbbells to the starting position, bringing them together as you exhale."
Bent Over Row (Barbell),Barbell,Upper Back,"Lats, Biceps, Forearms",assets/media/exercises/ex_0003_video.mp4,assets/media/exercises/ex_0003_thumbnail.jpg,"1. Stand in front of a loaded barbell with your feet in a comfortable stance and toes pointing slightly out. | 2. Lean forward by hinging at the hip and keep your spine in a neutral position. | 3. Grab the barbell with an even overhand grip. | 4. Engage your abs and lift the bar several inches off the floor. | 5. With your shoulders back and midsection tight, take a breath and row the barbell. | 6. Lift the bar until it taps your stomach and hold the position for a moment as you exhale. | 7. Lower the bar slowly."
Bicep Curl (Dumbbell),Dumbbell,Biceps,None,assets/media/exercises/ex_0004_video.mp4,assets/media/exercises/ex_0004_thumbnail.jpg,1. Grab a pair of dumbbells and stand tall with your feet in a comfortable stance and shoulders retracted. | 2. Have your wrists pointing forward and your arms extended. | 3. Take a breath and curl both dumbbells simultaneously. Lift the weights until your wrists are slightly higher than your elbows and exhale. | 4. Extend your arms slowly and breathe in on the way down.
Cable Fly Crossovers,Machine,Chest,None,assets/media/exercises/ex_0005_video.mp4,assets/media/exercises/ex_0005_thumbnail.jpg,"1. Adjust the load on the pair of weight stacks inside the cable crossover machine. | 2. Set the pulleys in the highest position and attach handles on both. | 3. Grab the handles one at a time and position yourself in the middle between the two pillars. | 4. Bring your arms to your sides and take a half step forward to lift the weights from their stacks. | 5. Engage your abs, bring your shoulders back, and inhale. | 6. Bring your arms in and down, meeting your knuckles in front of your hips. Exhale. | 7. Hold for a moment and bring your arms to your sides as you breathe in."
Deadlift (Barbell),Barbell,Glutes,"Hamstrings, Quadriceps, Lower Back, Upper Back, Lats, Traps",assets/media/exercises/ex_0006_video.mp4,assets/media/exercises/ex_0006_thumbnail.jpg,"1. Stand in front of a loaded barbell. | 2. The bar should be over mid-foot, your shins should be an inch or two from the bar, and your feet should be hip-width apart, with toes pointing slightly out. | 3. Lean forward and grab the bar with a double overhand grip. | 4. Bend your knees to position your shins against the bar. Simultaneously, retract your shoulders to straighten your back. | 5. Take a breath. | 6. Initiate the pull by digging your heels into the floor. | 7. Lift the bar in a straight vertical line, keeping it close to your body. | 8. As the bar passes your knees, begin to extend your legs and drive your hips forward to complete the repetition. | 9. Begin the descent by driving your buttocks back and keeping your back neutral. | 10. Lower the barbell in the same vertical line, exhaling near the bottom."
Face Pull,Machine,Shoulders,Biceps,assets/media/exercises/ex_0007_video.mp4,assets/media/exercises/ex_0007_thumbnail.jpg,"1. Select a light load, set the pulley to a high position, and attach a rope. | 2. Grab the rope with your thumbs facing the ceiling. | 3. Take a step back to lift the weight off its stack, bring your shoulders back, and stagger your stance for extra support. | 4. Take a breath and pull the rope to your face, splitting it by bringing your arms to your sides. Breathe out. | 5. Extend your arms as you breathe in."
Hammer Curl (Dumbbell),Dumbbell,Biceps,Forearms,assets/media/exercises/ex_0008_video.mp4,assets/media/exercises/ex_0008_thumbnail.jpg,"1. Grab a pair of dumbbells and stand tall. | 2. Position your arms to your sides with your wrists neutral (palms facing your body). | 3. Bring your shoulders back and take a breath. | 4. Curl both dumbbells simultaneously, lifting them until your wrists are slightly higher than your elbows. Exhale. | 5. Extend your arms fully as you breathe in."
Incline Bench Press (Dumbbell),Dumbbell,Chest,"Triceps, Shoulders",assets/media/exercises/ex_0009_video.mp4,assets/media/exercises/ex_0009_thumbnail.jpg,"1. Set the incline of a bench at 45 degrees, grab a pair of dumbbells, and sit down. | 2. Place the dumbbells on top of your thighs, and lie back as you kick the weights up and over your torso. | 3. Bring the dumbbells to your sides, plant your feet on the floor, retract your shoulders, and take a breath. Keep your elbows somewhat tucked in. | 4. Press both dumbbells toward the ceiling, tapping them lightly at the top. Breathe out. | 5. Lower the weights to your sides, breathing in on the way down."
Lat Pulldown (Cable),Machine,Lats,"Upper Back, Biceps, Forearms",assets/media/exercises/ex_0010_video.mp4,assets/media/exercises/ex_0010_thumbnail.jpg,"1. Adjust the knee pad on the machine to be right against your thighs. | 2. Select a weight you can lift for at least ten smooth reps. | 3. Grab the bar with your hands slightly wider than shoulder-width apart. Your palms should face forward. | 4. Sit down and secure your legs underneath the pad. | 5. With your arms extended, bring your shoulders back and down. | 6. Take a breath and pull the weight down through your elbows. As you pull, keep your elbows tucked and in line with your torso. Breathe out. | 7. Hold for a moment and extend your arms fully as you breathe in."
Lateral Raise (Dumbbell),Dumbbell,Shoulders,None,assets/media/exercises/ex_0011_video.mp4,assets/media/exercises/ex_0011_thumbnail.jpg,"1. Grab a pair of light dumbbells and stand tall. | 2. Bring your shoulders back, engage your abs, and take a breath. | 3. Lift both arms laterally until your elbows and wrists align with your shoulders. Exhale at the top. | 4. Lower the dumbbells to your sides as you breathe in."
Leg Extension (Machine),Machine,Quadriceps,None,assets/media/exercises/ex_0012_video.mp4,assets/media/exercises/ex_0012_thumbnail.jpg,"1. Select the appropriate load. | 2. Adjust the pad to be against your lower legs, just above your feet when seated. | 3. Sit down, grab the handles by your sides, place your lower shins against the pad, and retract your shoulders. | 4. Take a breath and straighten your legs by engaging your quadriceps. | 5. Lift the weight until your knees straighten, and breathe out. | 6. Hold for a moment and bend your knees slowly as you breathe in."
Leg Press (Machine),Machine,Quadriceps,"Glutes, Hamstrings",assets/media/exercises/ex_0013_video.mp4,assets/media/exercises/ex_0013_thumbnail.jpg,"1. Add the appropriate weight to the leg press machine and sit down. | 2. Lift your legs and plant your feet flat on the platform. Have your feet in a comfortable position with your toes pointing slightly out. | 3. Grab the handles to your sides, bring your shoulders back, and engage your abs. | 4. Press the platform and straighten your legs while rotating the handles to remove the safety pins. | 5. Take another breath and lower the platform by bending your knees. | 6. Hold the bottom position for a moment and press the platform away as you exhale. | 7. Once finished, straighten your legs, rotate the handles to put the safety pins on, and rest."
Lying Leg Curl (Machine),Machine,Hamstrings,Calves,assets/media/exercises/ex_0014_video.mp4,assets/media/exercises/ex_0014_thumbnail.jpg,"1. Select the appropriate load and adjust the pad to be over your Achilles tendon (above the heel) when you lie down. | 2. Lie down, grab the handles, and place the back of your lower legs against the pad. | 3. Take a breath and engage your hamstrings to curl your legs, lifting the weight. | 4. Curl until your lower legs are almost vertical and exhale at the top. | 5. Hold for a moment and extend your knees slowly as you inhale."
Seated Cable Row - V Grip (Cable),Machine,Upper Back,"Lats, Biceps, Forearms",assets/media/exercises/ex_0015_video.mp4,assets/media/exercises/ex_0015_thumbnail.jpg,"1. Attach a V-handle to a seated row machine and select the appropriate weight. | 2. Sit down and grab the handle with both hands. | 3. Place your feet on the platform and sit back. Maintain a slight bend in your knees. | 4. Retract your shoulder blades and engage your abs. Keep your torso upright, and don't lean too far back. | 5. Take a deep breath and pull the handle to your stomach in one fluid motion, pausing briefly and exhaling. | 6. Slowly extend your arms as you breathe in."
Seated Leg Curl (Machine),Machine,Hamstrings,Calves,assets/media/exercises/ex_0016_video.mp4,assets/media/exercises/ex_0016_thumbnail.jpg,"1. Select the appropriate load. | 2. Adjust the pad position. It should be against your Achilles' heels as you sit down. | 3. Sit down, position the back of your lower legs against the pad, and grab the handles at your sides. | 4. Bring your shoulders back, engage your abs, and inhale. | 5. Bend your knees by contracting your hamstrings and breathe out. | 6. Hold for a moment and slowly extend your knees as you breathe in."
Shoulder Press (Dumbbell),Dumbbell,Shoulders,Triceps,assets/media/exercises/ex_0017_video.mp4,assets/media/exercises/ex_0017_thumbnail.jpg,"1. Set an adjustable gym bench at a close to 90-degree angle (almost upright back support). | 2. Grab a pair of dumbbells and sit down. | 3. Place the weights on top of your thighs. | 4. Bring your shoulders back, engage your abs, and take a breath. | 5. Lift the dumbbells and kick them up with your thighs. | 6. Position the weights to your sides. | 7. Take another breath and press the dumbbells up and in, tapping them at the top as you exhale. | 8. Lower the dumbbells until your elbows are slightly lower than your shoulders, breathing in on the way down."
Squat (Barbell),Barbell,Quadriceps,"Hamstrings, Glutes",assets/media/exercises/ex_0018_video.mp4,assets/media/exercises/ex_0018_thumbnail.jpg,"1. Position the barbell at collarbone height. | 2. Grab the bar with an even overhand grip (palms facing down). | 3. Tuck yourself underneath the bar and place it on top of your trapezius (upper back). | 4. Align your feet, engage your abs, take a breath, and unrack the bar by straightening your legs. | 5. Take a couple of careful steps back and bring your feet shoulder-width apart. | 6. Bring your shoulders back, inhale, and squat until your thighs are parallel to the floor. Keep your heels in contact with the floor. | 7. Hold for a moment and press through your heels to bring yourself back to the top. Exhale near the top. | 8. Once finished, move forward and rack the barbell carefully before relaxing your body."
Triceps Pushdown,Machine,Triceps,None,assets/media/exercises/ex_0019_video.mp4,assets/media/exercises/ex_0019_thumbnail.jpg,"1. Pick the appropriate load, set the pulley in the highest position, and attach a bar. | 2. Grab the bar with an even overhand grip and bring your elbows to your sides. | 3. Take a couple of steps back and lean your torso slightly forward. | 4. Engage your abs, retract your shoulder blades, and take a breath. | 5. Extend your arms while keeping your elbows to your sides and hold for a moment. Exhale. | 6. Slowly bend your arms until your wrists are slightly higher than your elbows. Breathe in as your arms bend."
Triceps Rope Pushdown,Machine,Triceps,None,assets/media/exercises/ex_0020_video.mp4,assets/media/exercises/ex_0020_thumbnail.jpg,"1. Pick the appropriate weight, set the pulley to the highest position, and attach a rope. | 2. Grab the rope with both hands and bring your elbows to your sides. | 3. Take a step back and lean your torso forward slightly. | 4. Take a breath and extend your arms while keeping your elbows in position. Breathe out. | 5. Bend your arms slowly and breathe in. Stop when your wrists end up slightly higher than your elbows."
21s Bicep Curl,Barbell,Biceps,None,assets/media/exercises/ex_0021_video.mp4,assets/media/exercises/ex_0021_thumbnail.jpg,"1. Grab a straight or curved bar evenly and stand tall. Bring your shoulders back, squeeze your glutes, and take a breath. | 2. Curl the weight halfway (to the point where your wrists align with your elbows) for seven repetitions. | 3. Immediately start curling the bar from the halfway point to the top (where your wrists are a couple of inches higher than your elbows) for another seven repetitions. | 4. Finish by doing seven complete repetitions from full arm extension to the top position, breathing steadily as you do."
Ab Scissors,None,Abdominals,None,assets/media/exercises/ex_0022_video.mp4,assets/media/exercises/ex_0022_thumbnail.jpg,"1. Sit on an exercise mat, lean back, and place your hands on the floor and to your sides for balance. | 2. Engage your abs and raise your feet several inches off the floor while keeping your knees extended. | 3. Take a breath and cross your legs by bringing the right one over the left. Immediately uncross them and move the left leg over the right. | 4. Keep alternating until you get tired, breathing steadily as you do reps."
Ab Wheel,Other,Abdominals,None,assets/media/exercises/ex_0023_video.mp4,assets/media/exercises/ex_0023_thumbnail.jpg,1. Grab an ab wheel and get down on your knees. | 2. Lean forward and place the ab wheel on the floor while holding it firmly with both hands. | 3. Engage your abs and take a breath. | 4. Roll the ab wheel forward as you extend your body. | 5. Move forward as much as your ab strength allows and roll the wheel back to the starting position. Exhale.
Air Bike,Machine,Cardio,None,None,assets/media/exercises/ex_0024_thumbnail.jpg,
Arnold Press (Dumbbell),Dumbbell,Shoulders,Triceps,assets/media/exercises/ex_0025_video.mp4,assets/media/exercises/ex_0025_thumbnail.jpg,"1. Grab a pair of light dumbbells and sit on a gym bench with an upright back support. | 2. Lift the dumbbells and rest them on your thighs. | 3. Bring your shoulders back, engage your abs, and take a breath. | 4. Thrust the dumbbells and bring them to your sides. | 5. Take a breath and press the dumbbells to an overhead position as you breathe out. | 6. Lower the dumbbells slowly as you rotate your wrists in, breathing in on the way down. You should end up with the dumbbells in front of your chin and palms facing your body. | 7. Press again, rotating your wrists to complete the repetition with your palms facing forward."
Around The World,Dumbbell,Chest,"Upper Back, Shoulders, Lats",assets/media/exercises/ex_0026_video.mp4,assets/media/exercises/ex_0026_thumbnail.jpg,"1. Lie on a flat bench with a dumbbell in each hand. | 2. Position the dumbbells over your upper thighs with your arms straight and palms facing down. | 3. Bring your shoulders back, engage your abs, and breathe in. | 4. Slowly move the dumbbells from your upper thighs to behind your head in an arc motion, keeping your arms straight. Breathe out. | 5. Immediately move the weights from behind your head to the starting position in an arc as you breathe in. While doing so, twist your wrists to have your palms facing down at the starting position."
Assisted Pistol Squats,None,Quadriceps,"Hamstrings, Glutes",assets/media/exercises/ex_0027_video.mp4,assets/media/exercises/ex_0027_thumbnail.jpg,"1. Stand next to a squat rack and grab it with one hand for balance. | 2. Lift one foot off the floor and raise the leg a few inches forward. Keep your opposite foot firmly planted on the floor. | 3. Engage your abs, bring your shoulders back, and take a breath. | 4. Squat by bending your knee and moving the opposite leg forward, keeping the foot off the floor. | 5. Descend as much as possible and push through the heel to lift yourself as you exhale. | 6. Once finished training one leg, support yourself on the opposite foot and perform the same number of reps."
Back Extension (Hyperextension),Machine,Lower Back,"Hamstrings, Glutes",assets/media/exercises/ex_0028_video.mp4,assets/media/exercises/ex_0028_thumbnail.jpg,"1. Set yourself up on a back extension machine. Have your hips and thighs against the pad and your ankles locked on the foot brace. | 2. Engage your abs, cross your arms in front of your chest, and take a breath. | 3. Lower yourself by bending at the hips and move down until you feel a stretch in your hamstrings and glutes. | 4. Engage your buttocks and lower back to raise your torso to the top position, pausing for a moment and exhaling."
Back Extension (Machine),Machine,Lower Back,None,assets/media/exercises/ex_0029_video.mp4,assets/media/exercises/ex_0029_thumbnail.jpg,"1. Sit on a back extension machine with your buttocks against a pad. | 2. Place the foot pad just over your feet. | 3. The top pad should be against your upper back. | 4. Adjust the load on the machine and cross your arms in front of your chest. | 5. Take a breath, engage your abs, and push the top pad backward by engaging your lower back muscles. Breathe out. | 6. Lean forward to the starting position as you breathe in."
Back Extension (Weighted Hyperextension),Machine,Lower Back,"Hamstrings, Glutes",assets/media/exercises/ex_0030_video.mp4,assets/media/exercises/ex_0030_thumbnail.jpg,1. Set yourself up inside a back extension bench. Have your heels secured against a pad and your hips against another pad. | 2. Bend forward and grab a weight plate off the floor or have a training partner hand it to you. | 3. Extend your body and take a breath. | 4. Bend your body at the hips while keeping your shoulders back and spine neutral. Move down as much as your muscle flexibility allows. | 5. Extend your body by engaging your posterior chain and exhale near the top.
Ball Slams,Other,Full Body,None,assets/media/exercises/ex_0031_video.mp4,assets/media/exercises/ex_0031_thumbnail.jpg,"1. Stand tall with your feet in a comfortable stance and your toes pointing slightly out. | 2. Hold a medicine ball in both hands, keeping it at stomach level. | 3. Engage your midsection, bend your knees slightly, and thrust the medicine ball overhead. Your arms should be straight, and the ball should be directly overhead for balance. | 4. Inhale and use your upper body muscles to accelerate the ball down and slam it as hard as you can just in front of your body. Breathe out. | 5. Bend your knees enough to pick up the ball while keeping your spine neutral. | 6. Breathe in and repeat the sequence."
Band Pullaparts,Resistance Band,Shoulders,Upper Back,assets/media/exercises/ex_0032_video.mp4,assets/media/exercises/ex_0032_thumbnail.jpg,"1. Grab a looped or open-ended resistance band with handles on both ends. The band should offer moderate resistance. | 2. Extend your arms in front of your body and have your palms neutral (facing one another). | 3. Take a breath and pull the band apart, bringing your arms to the sides while keeping them straight. Exhale. | 4. Bring your arms together as you breathe in."
Battle Ropes,Machine,Cardio,None,assets/media/exercises/ex_0033_video.mp4,assets/media/exercises/ex_0033_thumbnail.jpg,"1. Grab the pair of battle ropes. | 2. Bend your knees and lean forward slightly while keeping your spine neutral. | 3. Take a breath and move one arm up to shoulder level while bringing the opposite one down to your knees. | 4. Immediately move both arms in the opposite direction, changing their position. | 5. Alternate your arms at a steady tempo, breathing regularly as you do. | 6. Go for as long as possible until you feel a deep burn in your upper back and shoulders."
Behind the Back Bicep Wrist Curl (Barbell),Barbell,Forearms,None,assets/media/exercises/ex_0034_video.mp4,assets/media/exercises/ex_0034_thumbnail.jpg,"1. Place a loaded barbell or EZ bar on the floor and stand in front of it. | 2. With your arms to your sides and palms facing back, squat, and grab the bar evenly. Keep your back straight. | 3. Push through your heels and squat up, lifting the bar behind your body. | 4. Take a breath and flex your wrists to curl the barbell without moving your elbows or arms. Breathe out at the top. | 5. Extend your wrists as you breathe in."
Behind the Back Curl (Cable),Machine,Biceps,None,assets/media/exercises/ex_0035_video.mp4,assets/media/exercises/ex_0035_thumbnail.jpg,"1. Set the pulleys at around mid-thigh height, attach handles, and select the load. | 2. Grab the handles one by one and stand so the pulleys are behind you. | 3. Take a couple of steps forward to lift the weights off their stacks and allow the weight to pull your elbows behind your torso. | 4. With your chest out, lean your torso slightly forward and stagger your stance (one foot forward, the other one back). | 5. Breathe in, engage your abs, and curl until your wrists are at elbow level. Squeeze your biceps and exhale. | 6. Slowly extend your arms, allowing the handles to travel behind your body, and breathe in. | 7. Repeat."
Belt Squat (Machine),Machine,Quadriceps,"Glutes, Hamstrings",assets/media/exercises/ex_0036_video.mp4,assets/media/exercises/ex_0036_thumbnail.jpg,"1. Load the machine appropriately and put on the weight belt. | 2. Step on the platform and hook the belt’s chain to the machine’s lever via a carabiner. | 3. Stand tall and grab the handles or horizontal bar in front. | 4. Position your feet at a comfortable width for squats with your toes pointing slightly out. | 5. Bring your chest out, engage your abs, and unrack the weight. You can hold onto the bar or handles in front of you for balance. | 6. Breathe in and descend until your thighs are roughly parallel to the bar. | 7. Pause briefly and push through your heels to extend your knees, exhaling at the top. | 8. Breathe in and repeat."
Bench Dip,Other,Triceps,"Shoulders, Chest",assets/media/exercises/ex_0037_video.mp4,assets/media/exercises/ex_0037_thumbnail.jpg,"1. Face away from a sturdy gym bench, plyo box, or chair. | 2. Lean back and place your hands flat on the object's edge. | 3. Straighten your legs and support your lower body on your heels. Your torso should be upright. | 4. Engage your abs, take a breath, and descend by bending your elbows. | 5. Move down until your elbows form a 90-degree angle and pause for a moment. | 6. Extend your arms and exhale near the top."
Bench Press (Cable),Machine,Chest,"Shoulders, Triceps",assets/media/exercises/ex_0038_video.mp4,assets/media/exercises/ex_0038_thumbnail.jpg,"1. Place a flat gym bench in the middle of a double cable machine. | 2. Adjust the load on both weight stacks, position the pulleys low, and attach handles. | 3. Grab both handles and sit on the bench while keeping your arms close to your body. | 4. Lie back carefully and bring your arms to your sides without flaring your elbows. | 5. Bring your shoulders back, engage your abs, and take a breath. | 6. Push both handles up and in, tapping your knuckles at the top as you exhale. | 7. Lower the weights carefully until your elbows are at torso level, and breathe in. | 8. Once finished, bring your arms in, get up slowly, and release both handles."
Bench Press (Smith Machine),Machine,Chest,"Shoulders, Triceps",assets/media/exercises/ex_0039_video.mp4,assets/media/exercises/ex_0039_thumbnail.jpg,1. Place a flat gym bench in the middle of a Smith machine. | 2. Adjust the bar to a height where you can grab and unrack it from a lying position. | 3. Lie on the bench and position your lower chest directly underneath the bar. | 4. Grab the bar with an even overhand grip. | 5. Bring your shoulders back and dig the balls of your feet into the floor. | 6. Take a breath and unrack the bar. | 7. Lower the bar until it taps your chest and press it to the top as you exhale.
Bench Press - Close Grip (Barbell),Barbell,Triceps,"Chest, Shoulders",assets/media/exercises/ex_0040_video.mp4,assets/media/exercises/ex_0040_thumbnail.jpg,"1. Set the barbell at a height where you can reach it from a lying position. | 2. Lie on the bench and position your head underneath the bar. | 3. Reach up and grab the bar with an even, overhand grip. Your hands should be shoulder-width apart. | 4. Bring your shoulder blades back and draw your feet back and toward the bench, digging the balls of your feet into the floor. | 5. Engage your body, unrack the bar, and bring it over your chest. | 6. Breathe in and lower the barbell to your lower chest. | 7. Press the bar to the top position and exhale. | 8. Once finished, bring the barbell over the rack and rest it gently."
Bench Press - Wide Grip (Barbell),Barbell,Chest,"Shoulders, Triceps",assets/media/exercises/ex_0041_video.mp4,assets/media/exercises/ex_0041_thumbnail.jpg,"1. Set the barbell at a height where you can grab it from a lying position. | 2. Lie on the bench and position yourself so that the bar is directly over your forehead. | 3. Reach up and grab the bar with an overhand grip. Start with your hands shoulder-width apart, and gradually increase your grip width. | 4. Retract your shoulder blades and dig them into the bench. | 5. Bring your feet back and in toward the bench, digging the balls of your feet into the floor. | 6. Engage your upper body, unrack the barbell, and bring it over your chest. | 7. Take a breath and lower the barbell to the bottom (lower chest, nipple line). | 8. Tap your torso and push the bar back to the top, squeezing your triceps, shoulders, and pectorals. Exhale near the top. | 9. Once finished, bring the bar back over the safety pins and rack it."
Bent Over Row (Band),Resistance Band,Upper Back,"Lats, Biceps, Forearms",assets/media/exercises/ex_0042_video.mp4,assets/media/exercises/ex_0042_thumbnail.jpg,1. Take an open-ended resistance band with handles on both sides. | 2. Step over the middle of the band with both feet. | 3. Grab both handles and lean forward while keeping your spine neutral. The band should offer some tension even with your arms fully extended. You can increase or decrease the tension by having your feet closer or wider apart. | 4. Bring your shoulders back and take a breath. | 5. Pull both ends of the band up and in until your elbows are at torso level. Exhale at the top. | 6. Extend your arms as you breathe in.
Bent Over Row (Dumbbell),Dumbbell,Upper Back,"Lats, Biceps, Forearms",assets/media/exercises/ex_0043_video.mp4,assets/media/exercises/ex_0043_thumbnail.jpg,"1. Grab a pair of dumbbells and stand tall. | 2. Bring your shoulders back, engage your abs, and lean forward while keeping your back straight. Your torso should be as parallel to the floor as possible. | 3. Have your arms straight and hanging down with your wrists neutral (facing one another). | 4. Take a breath and row both dumbbells until your elbows are at torso level. Exhale at the top. | 5. Lower the weights, breathing in on the way down."
Bicep Curl (Barbell),Barbell,Biceps,None,assets/media/exercises/ex_0044_video.mp4,assets/media/exercises/ex_0044_thumbnail.jpg,"1. Pick the bar up and hold it with a grip slightly wider than your hips. Your arms should be straight, with your palms facing forward. | 2. Straighten your back, bring your chest out, take a breath, and curl the barbell, exhaling at the top. Don’t use body swinging and momentum to lift the bar; only your bicep strength. | 3. Lower the bar slowly as you breathe in, extending your arms and stretching your biceps. | 4. Repeat."
Bicep Curl (Cable),Machine,Biceps,None,assets/media/exercises/ex_0045_video.mp4,assets/media/exercises/ex_0045_thumbnail.jpg,"1. Attach a straight bar to a low cable pulley. | 2. Set the load on the weight stack at the appropriate amount. | 3. Lean forward and grab the straight bar evenly with your palms facing up. | 4. Stand up and step back (if necessary) to lift the weight from its stack. | 5. Bring your shoulders back, engage your abs, and have your elbows to your sides. | 6. Take a breath and curl the weight, keeping your elbows steady. | 7. Lift the weight until your wrists are slightly higher than your elbows and exhale. | 8. Lower the weight slowly, breathing in on the way down."
Bicep Curl (Machine),Machine,Biceps,None,assets/media/exercises/ex_0046_video.mp4,assets/media/exercises/ex_0046_thumbnail.jpg,"1. Select the correct load on the machine and adjust your seat’s height. | 2. Sit down and grab the handles by your sides. | 3. Bring your shoulders back, engage your abs, and take a breath. | 4. Bend one arm to lift the handle. Curl until your hand is slightly higher than your elbow, and breathe out. | 5. Extend your arm slowly as you breathe in. | 6. Bend your opposite arm in the same way. | 7. Keep alternating until you finish the set."
Bicep Curl (Suspension),Suspension,Biceps,None,assets/media/exercises/ex_0047_video.mp4,assets/media/exercises/ex_0047_thumbnail.jpg,"1. Grab the pair of handles attached to a suspension training kit. | 2. Walk your feet forward to lean your body back to some degree. | 3. Extend your body, squeeze your glutes, and bring your shoulders back. | 4. Take a breath and bend your arms to lift your body. | 5. Bend your arms until your elbows are at slightly more than a 90-degree angle, and breathe out. | 6. Extend your arms slowly, lowering your body to the starting position as you breathe in."
Bicycle Crunch,None,Abdominals,None,assets/media/exercises/ex_0048_video.mp4,assets/media/exercises/ex_0048_thumbnail.jpg,"1. Lie on the floor, lift your legs off the floor, and bend your knees at a 90-degree angle. | 2. Place your fingertips behind your head or neck. | 3. Take a breath, engage your midsection, and crunch, bringing your right elbow to your left knee. Exhale. | 4. Extend your body as you breathe in. | 5. Crunch again, taking your left elbow to your right knee. Exhale again. | 6. Keep alternating until you complete the set."
Bicycle Crunch Raised Legs,None,Abdominals,None,assets/media/exercises/ex_0049_video.mp4,assets/media/exercises/ex_0049_thumbnail.jpg,"1. Lie on the floor, lift your legs off the ground, and extend them in the air. | 2. Place your fingertips behind your head or neck. | 3. Take a breath, engage your midsection, and crunch your upper body. | 4. Twist your upper body, bringing your right elbow to your left leg. Simultaneously bend your left knee and get it closer to the opposite elbow. | 5. Hold for a moment as you breathe out. | 6. Extend your body and breathe in. | 7. Take your left elbow to your right knee. | 8. Keep alternating until you complete the set."
Bird Dog,None,Glutes,"Hamstrings, Shoulders",assets/media/exercises/ex_0050_video.mp4,assets/media/exercises/ex_0050_thumbnail.jpg,"1. Get down on all fours. Have your shoulders, elbows, and wrists aligned and your knees directly under your hips. Keep your hands flat on the floor. | 2. Engage your abs and take a breath. | 3. Extend your right leg back and up, aligning it with your torso. At the same time, extend your left arm and raise it forward. Exhale. | 4. Bring your arm and leg to the starting position as you breathe in. | 5. Extend your opposite limbs. | 6. Keep alternating between opposite limbs until you complete the set."
Box Jump,Other,Quadriceps,"Hamstrings, Glutes, Calves",assets/media/exercises/ex_0051_video.mp4,assets/media/exercises/ex_0051_thumbnail.jpg,1. Stand in front of a plyometric box or a flat gym bench. | 2. Have your feet close and your spine neutral. | 3. Take a breath and descend into a quarter squat as you bring your arms back. | 4. Immediately jump by pushing through your heels and swinging your arms forward. | 5. Exhale as you land on the bench or box. | 6. Step off and breathe in.
Box Squat (Barbell),Barbell,Quadriceps,"Hamstrings, Glutes",assets/media/exercises/ex_0052_video.mp4,assets/media/exercises/ex_0052_thumbnail.jpg,1. Set the barbell at the appropriate height and position a plyometric box behind you. | 2. Unrack the bar as you would for standard squats and take a couple of steps back. The box should be a few inches away from your heels. | 3. Take a breath and descend into a squat. | 4. Move down until your buttocks touch the box. | 5. Hold the position for a moment and push through your heels to squat up. Exhale.
Boxing,None,Cardio,None,None,assets/media/exercises/ex_0053_thumbnail.jpg,
Bulgarian Split Squat,Dumbbell,Quadriceps,"Glutes, Hamstrings",assets/media/exercises/ex_0054_video.mp4,assets/media/exercises/ex_0054_thumbnail.jpg,"1. Face away from a flat gym bench. | 2. Grab a pair of dumbbells and extend one leg back, placing the foot on the bench. | 3. Bring your shoulders back, engage your midsection, and take a breath. | 4. Squat by bending your front leg. | 5. Descend until your front thigh is almost parallel to the floor. | 6. Hold the bottom position for a moment and push through your heel to extend your leg as you exhale. | 7. Do the desired number of reps, switch legs, and match the rep count for your other leg."
Burpee,None,Full Body,None,assets/media/exercises/ex_0055_video.mp4,assets/media/exercises/ex_0055_thumbnail.jpg,"1. Stand tall with your feet in a comfortable stance, arms to your sides, and gaze directed forward. | 2. Take a breath, lean forward and bend your knees to place your hands flat on the floor, just in front of your feet. | 3. Kick your legs back to extend your body into a push-up position. Your shoulders, hips, knees, and ankles should be aligned. | 4. Inhale and perform a push-up, descending until your face is an inch or two from the floor (optional). Exhale as you extend your arms. | 5. Kick your legs forward to bring your feet just behind your hands as you breathe in. | 6. Extend your body and perform a vertical jump as you raise your arms above your head. Exhale."
Burpee Over the Bar,None,Full Body,None,assets/media/exercises/ex_0056_video.mp4,assets/media/exercises/ex_0056_thumbnail.jpg,"1. Place a barbell on the ground and stand perpendicular to it. | 2. Get down into a high plank position. | 3. With your body straight and shoulders, elbows, and wrists aligned, take a breath and do a push-up. Push yourself back to the high plank position as you exhale. | 4. Kick your feet forward and stand up. | 5. Jump laterally over the barbell as you breathe out again. | 6. Get down to a high plank position again, breathe in, and perform another push-up. | 7. Stand up and jump laterally over the barbell again, repeating the sequence. | 8. Keep jumping over the bar until you're finished."
Butterfly (Pec Deck),Machine,Chest,None,assets/media/exercises/ex_0057_video.mp4,assets/media/exercises/ex_0057_thumbnail.jpg,"1. Select the load on the pec deck machine. | 2. Adjust the seat height so you can grab the handles and have the pads in front of your chest. | 3. Sit down, grab the handles, and bring your shoulders back. | 4. Engage your abs and take a breath. | 5. Flex your chest muscles to bring the handles from your sides to in front of your torso as you breathe out. | 6. Bring your arms to your sides as you breathe in."
Cable Core Palloff Press,Machine,Abdominals,"Chest, Shoulders, Triceps",assets/media/exercises/ex_0058_video.mp4,assets/media/exercises/ex_0058_thumbnail.jpg,"1. Select the load on the cable machine. | 2. Place the pulley at chest height and attach a handle. | 3. Grab the handle with both hands and stand sideways. | 4. Bring your shoulders back, squeeze your glutes, and engage your midsection. | 5. Take a breath and press the handle forward, fully extending your arms and exhaling. | 6. Pause for a moment and bring the handle to your body as you breathe in."
Cable Crunch,Machine,Abdominals,None,assets/media/exercises/ex_0059_video.mp4,assets/media/exercises/ex_0059_thumbnail.jpg,"1. Grab a rope attachment with both hands and have your thumbs facing up. | 2. Kneel, lean forward, and position the rope behind your head. Keep your hands close to your neck. | 3. Once in position, engage your midsection. | 4. Initiate the crunch by taking a breath and flexing your abs. Focus on crunching your torso instead of simply moving at the hips. | 5. Hold for a moment as you exhale. | 6. Slowly raise your torso to bring yourself to the starting position as you breathe in."
Cable Pull Through,Machine,Glutes,"Hamstrings, Lower Back",assets/media/exercises/ex_0060_video.mp4,assets/media/exercises/ex_0060_thumbnail.jpg,"1. Select the appropriate load on a single or double cable machine station. | 2. Set the pulley in the lowest position and attach a handle or rope. | 3. Face away from the cable machine, lean forward, grab the attachment, and hold it between your legs. | 4. Take a step or two forward to lift the weight from its stack. | 5. Engage your abs and take a breath. | 6. Hinge at the hips, leaning your torso forward while keeping your back neutral. | 7. Lean forward until your torso is roughly parallel to the floor and extend your body by driving your hips forward. Exhale as you stand tall."
Cable Twist (Down to up),Machine,Abdominals,None,assets/media/exercises/ex_0061_video.mp4,assets/media/exercises/ex_0061_thumbnail.jpg,"1. Select the appropriate load on the cable machine. | 2. Place the pulley in the lowest position and attach a handle to it. | 3. Grab the handle with both hands, keeping your wrists neutral (facing one another). | 4. Take a step away from the cable machine and stand sideways with your feet wide enough to create a stable base. | 5. With the handle at your waist and arms straight, engage your abs and take a breath. | 6. Pull the cable diagonally and upward across your body, twisting your torso and exhaling. | 7. Hold for a second and rotate your torso to the starting position as you breathe in. | 8. Once finished training one side, turn your body 180 degrees and do the same number of reps for the other side."
Cable Twist (Up to down),Machine,Abdominals,None,assets/media/exercises/ex_0062_video.mp4,assets/media/exercises/ex_0062_thumbnail.jpg,"1. Select the appropriate load on the cable machine. | 2. Place the pulley in the highest position and attach a handle to it. | 3. Grab the handle with both hands, keeping your wrists neutral (facing one another). | 4. Take a step away from the cable machine and stand sideways. | 5. With the handle at shoulder level and arms straight, engage your abs and breathe in. | 6. Pull the cable diagonally across your body, twisting your torso and exhaling. | 7. Rotate your body to the starting position as you breathe in. | 8. Once finished, turn your body 180 degrees and do the same number of reps for the other side."
Calf Extension (Machine),Machine,Calves,None,assets/media/exercises/ex_0063_video.mp4,assets/media/exercises/ex_0063_thumbnail.jpg,1. Select the appropriate load on the calf extension machine. | 2. Sit down and grab the handles by your sides. | 3. Place the balls of your feet on the footplate. Your legs should be straight. | 4. Take a breath and flex your ankles to push the plate away as you exhale. | 5. Hold for a moment and allow your ankles to bend as you breathe in.
Calf Press (Machine),Machine,Calves,None,assets/media/exercises/ex_0064_video.mp4,assets/media/exercises/ex_0064_thumbnail.jpg,"1. Load a leg press machine and sit down. | 2. Raise your legs and place the balls of your feet at the edge of the footplate. | 3. Bring your shoulders back and grab the handles by your sides. | 4. Extend your knees to unrack the weight. | 5. Flex your ankles to press the platform away from yourself and hold for a moment as you breathe out. | 6. Allow your ankles to bend and stretch your calves as you breathe in. | 7. Once finished, turn the handles you’re holding to secure the weight."
Chest Dip,Machine,Chest,"Shoulders, Triceps",assets/media/exercises/ex_0065_video.mp4,assets/media/exercises/ex_0065_thumbnail.jpg,"1. Grip a parallel bar slightly outside shoulder-width level. | 2. Bring your shoulders back and engage your abs. | 3. Raise yourself and stand over the dip bar with your elbows fully extended. | 4. Tilt your body forward. | 5. Take a breath and dip by bending at the elbows. Maintain your body’s position as you move down. | 6. Lower yourself until you feel a good pectoral stretch (generally to the point where your elbows are at a 90-degree angle). | 7. Push yourself back to the top, exhaling at the top."
Chest Dip (Assisted),Machine,Chest,"Triceps, Shoulders",assets/media/exercises/ex_0066_video.mp4,assets/media/exercises/ex_0066_thumbnail.jpg,"1. Select the correct weight on the chest dip machine. | 2. Grab the pair of handles and place your knees over the pads. | 3. Extend your arms, bring your shoulders back, and squeeze your abs. | 4. Take a breath and lower yourself by bending your elbows. | 5. Descend until your elbows are at roughly 90 degrees, and push yourself back to the top as you exhale."
Chest Dip (Weighted),Machine,Chest,"Triceps, Shoulders",assets/media/exercises/ex_0067_video.mp4,assets/media/exercises/ex_0067_thumbnail.jpg,"1. Attach a weight plate to yourself via a special belt. | 2. Step on the platform and grab the parallel bars while keeping your arms straight and close to your body. | 3. Bring your shoulders back and down, engage your abs, and squeeze your glutes. | 4. Take your feet off the platform to suspend yourself in the air. | 5. Lean forward slightly. | 6. Take a breath and lower yourself by bending your elbows. Keep your shoulder blades retracted and your body steady. | 7. Descend until your elbows form a 90-degree angle and hold for a moment. | 8. Press yourself back to the top, extending your arms fully and exhaling. | 9. Take another breath and repeat."
Chest Fly (Band),Resistance Band,Chest,None,assets/media/exercises/ex_0068_video.mp4,assets/media/exercises/ex_0068_thumbnail.jpg,"1. Take an open-ended resistance band with handles on both ends. | 2. Anchor the band on something sturdy (e.g., a squat rack). | 3. Turn away from the anchor point and grab both handles, keeping them close to your body. | 4. Take a couple of steps forward to lengthen the band and bring your arms to your sides without flaring your elbows. | 5. Bring your shoulders back, engage your abs, and take a breath. | 6. Move your arms forward and tap your knuckles in front of your chest while keeping your elbows slightly bent. Breathe out. | 7. Bring your arms to the sides as you breathe in."
Chest Fly (Dumbbell),Dumbbell,Chest,None,assets/media/exercises/ex_0069_video.mp4,assets/media/exercises/ex_0069_thumbnail.jpg,"1. Grab a pair of light dumbbells and sit on the edge of a flat gym bench. | 2. Place the weights on your thighs and lie back, keeping the dumbbells close to your body. | 3. Extend your arms and position the dumbbells over your chest with your palms facing one another. | 4. Plant your feet on the floor and bring your shoulders back. | 5. Take a breath. | 6. Lower your arms to your sides until they align with your torso. | 7. Bring your arms in, tapping the dumbbells over your chest as you exhale."
Chest Fly (Machine),Machine,Chest,None,assets/media/exercises/ex_0070_video.mp4,assets/media/exercises/ex_0070_thumbnail.jpg,"1. Select the appropriate load and adjust the seat height. The machine’s handles should be at chest level when you sit. | 2. Sit down, bring your shoulders back, and reach to the sides to grab the handles. | 3. Engage your abs and take a breath. | 4. Squeeze your chest and bring your arms in, tapping your knuckles lightly in front of your chest as you breathe out. | 5. Bring your arms to your sides, feeling your chest muscles stretch. Breathe in."
Chest Fly (Suspension),Suspension,Chest,None,assets/media/exercises/ex_0071_video.mp4,assets/media/exercises/ex_0071_thumbnail.jpg,"1. Face away from the anchor point of your suspension kit and grab both handles. | 2. Straighten your arms, raise them in front of your body, and engage your abs. | 3. Walk your feet back enough to lean your body forward. Support yourself with your arms. | 4. Take a breath and slowly bring your arms to your sides, lowering yourself and stretching your pectorals. | 5. Extend your arms to your sides as much as your strength allows, hold for a moment, and bring them in, raising yourself in the process. | 6. Tap your knuckles at the top position and exhale."
Chest Press (Band),Resistance Band,Chest,"Shoulders, Triceps",assets/media/exercises/ex_0072_video.mp4,assets/media/exercises/ex_0072_thumbnail.jpg,"1. Take an open-ended resistance band with handle attachments. | 2. Anchor the band on something sturdy at chest height. A squat rack can work. | 3. Face away from the anchor point and grab both handles, raising your arms high and keeping your elbows tucked. | 4. Take a couple of steps forward to stretch the band and create some tension. | 5. Bring your shoulders back, stagger your stance, engage your midsection, and take a breath. | 6. Press the band forward and extend your arms fully as you exhale. | 7. Bend your arms, bringing your knuckles to the sides of your chest, as you breathe in."
Chest Press (Machine),Machine,Chest,"Shoulders, Triceps",assets/media/exercises/ex_0073_video.mp4,assets/media/exercises/ex_0073_thumbnail.jpg,"1. Select the appropriate load on the machine. | 2. Adjust the seat height. The handles should be slightly below your lower chest when you sit down. | 3. Sit down, grab the handles, bring your shoulders back, and engage your abs. Have your feet flat on the floor. | 4. Take a breath and press until your arms extend fully. Exhale. | 5. Bend your arms slowly as you breathe in."
Chest Supported Incline Row (Dumbbell),Dumbbell,Upper Back,"Lats, Biceps, Forearms",assets/media/exercises/ex_0074_video.mp4,assets/media/exercises/ex_0074_thumbnail.jpg,"1. Set an adjustable gym bench at an incline of 30 to 45 degrees. | 2. Grab a pair of dumbbells and position yourself on the bench with your stomach and chest on the back support. | 3. Have your arms extended and hanging straight down. | 4. Bring your shoulders back, squeeze your glutes, and engage your abs. | 5. Rotate your wrists out so your knuckles face forward. | 6. Take a breath and row the dumbbells as high as possible in one fluid motion. Exhale at the top. | 7. Lower the weights slowly, breathing in on the way down."
Chest Supported Reverse Fly (Dumbbell),Dumbbell,Shoulders,Upper Back,assets/media/exercises/ex_0075_video.mp4,assets/media/exercises/ex_0075_thumbnail.jpg,"1. Grab a pair of light dumbbells and position yourself face down on an incline gym bench. | 2. Keep your body straight and support yourself on the balls of your feet. | 3. Your arms should be straight and vertical, with your palms facing one another. | 4. Bring your shoulders back and take a breath. | 5. Lift the dumbbells to your sides and back, stopping when you feel tension in the posterior of your shoulders. Exhale. | 6. Hold for a moment and bring your arms down slowly as you breathe in."
Chest Supported Y Raise (Dumbbell),Dumbbell,Shoulders,Upper Back,assets/media/exercises/ex_0076_video.mp4,assets/media/exercises/ex_0076_thumbnail.jpg,"1. Set a gym bench at a 45-degree incline. | 2. Grab a pair of light dumbbells and sit down with your chest and stomach against the back support and arms hanging straight down. | 3. Take a deep breath and lift the dumbbells forward and up in one fluid motion, exhaling at the top. | 4. Lower the weights to the starting position as you breathe in."
Chin Up,Machine,Lats,"Upper Back, Biceps, Forearms",assets/media/exercises/ex_0077_video.mp4,assets/media/exercises/ex_0077_thumbnail.jpg,"1. Reach up and grab a pull-up bar with a double underhand grip (palms facing back). Your hands should be shoulder-width apart or slightly closer. | 2. Retract your shoulders, engage your abs, squeeze your glutes, and cross your lower legs, lifting your feet off the floor. | 3. Take a breath and pull yourself up in one fluid motion. Aim to have your chin over the bar at the top. Exhale. | 4. Lower yourself slowly and breathe in. Don’t rest your feet on the floor."
Chin Up (Assisted),Machine,Lats,"Upper Back, Biceps, Forearms",assets/media/exercises/ex_0078_video.mp4,assets/media/exercises/ex_0078_thumbnail.jpg,"1. Select the appropriate load on the machine. | 2. Reach up and grab the bar with a double underhand grip (palms facing back). Have your hands shoulder-width apart. | 3. Place your knees on top of the machine pad. | 4. Bring your shoulders back, squeeze your glutes, and engage your abs. | 5. Take a breath and pull yourself up in one fluid motion, exhaling at the top. | 6. Lower yourself slowly, extending your arms fully. Breathe in."
Chin Up (Weighted),Machine,Lats,"Upper Back, Biceps, Forearms",assets/media/exercises/ex_0079_video.mp4,assets/media/exercises/ex_0079_thumbnail.jpg,"1. Attach a weight plate to yourself with a special weight belt. | 2. Reach up and grab a pull-up bar with a double underhand grip (palms facing back). | 3. Retract your shoulders, engage your abs, squeeze your glutes, and cross your lower legs, lifting your feet off the floor. | 4. Take a breath and pull yourself up in one fluid motion as you breathe out. | 5. Lower yourself slowly, extending your arms fully, and breathe in. Don’t rest your feet on the floor."
Clamshell,Resistance Band,Glutes,None,assets/media/exercises/ex_0080_video.mp4,assets/media/exercises/ex_0080_thumbnail.jpg,"1. Lie on one side with your legs stacked, knees bent, bottom shoulder at 90 degrees, and the forearm flat on the floor for balance. You can wrap a mini looped resistance band over your thighs for additional resistance. | 2. Maintain a neutral spine and breathe in. | 3. Raise your top knee while keeping your feet together. The movement should resemble a clamshell opening. | 4. Lift your knee as much as possible in one fluid motion and exhale. | 5. Lower your knee to the bottom as you breathe in. | 6. Once finished, flip to your other side and do the same number of reps."
Clap Push Ups,None,Chest,"Triceps, Shoulders",assets/media/exercises/ex_0081_video.mp4,assets/media/exercises/ex_0081_thumbnail.jpg,"1. Get down on all fours and extend your body into a push-up position. Your body should be straight, and your shoulders, elbows, and wrists should be aligned. | 2. Bring your shoulders back and squeeze your buttocks. | 3. Take a breath and lower yourself by bending your elbows. | 4. Descend until your face is an inch or two from the floor and hold for a moment. | 5. Push yourself as explosively as possible, lifting your hands off the floor. Breathe out. | 6. Immediately bring your hands together and clap before planting them on the floor. | 7. Breathe in as you lower yourself."
Clean,Barbell,Full Body,None,None,assets/media/exercises/ex_0082_thumbnail.jpg,"1. Stand in front of a loaded barbell with your shins a couple of inches away. Your feet should be hip-width apart with toes pointed slightly out. | 2. Bend down and grab the barbell with an even, overhand grip. Have your knees against the crease of your elbows. | 3. Bring your chest out to put your back in a neutral position. Your hips should be slightly higher than your knees. | 4. Initiate the first pull by deadlifting the barbell off the floor as you press your heels into the ground. Make the initial pull powerful to generate momentum for the next part of the lift. | 5. Once the barbell travels above your knees, keep driving your hips forward as you begin pulling the weight in a straight vertical line. The entire sequence should happen in one smooth motion. | 6. As the barbell travels up, squat, catch it, and have it land over your shoulders and upper chest. Maintain a firm grip on the barbell, and keep your elbows pointing forward. | 7. As the barbell lands in a front rack position, dip a few extra inches until your thighs are parallel to the floor and squat to the top, straightening your knees fully and exhaling. | 8. Lower the barbell slowly and hinge at the hip to maintain a neutral spine. Breathe in as the bar moves down or before initiating the next rep."
Clean and Jerk,Barbell,Full Body,None,assets/media/exercises/ex_0083_video.mp4,assets/media/exercises/ex_0083_thumbnail.jpg,"1. Stand in front of a loaded barbell with your shins a couple of inches away. Your feet should be hip-width apart, with toes pointed slightly out. | 2. Bend down and grab the barbell with an even, overhand grip. Have your knees against the crease of your elbows. | 3. Bring your chest out to put your back in a neutral position. Your hips should be slightly higher than your knees. | 4. Initiate the first pull by deadlifting the barbell off the floor as you press your heels into the ground. Make the initial pull powerful to generate momentum for the next part of the lift. | 5. Once the barbell travels above your knees, keep driving your hips forward as you begin pulling the weight in a straight vertical line. The entire sequence should happen in one smooth motion. | 6. As the barbell travels up, squat, catch it, and have it land over your shoulders and upper chest. Maintain a firm grip on the barbell, and keep your elbows pointing forward. | 7. As the barbell lands in a front rack position, dip a few extra inches until your thighs are parallel to the floor and squat to the top, straightening your knees fully and breathing out. | 8. Take another breath, dip slightly, and jerk the bar, bringing it over your head, extending your elbows and knees. | 9. Lower the barbell to your shoulders and breathe out. | 10. Bring the bar to the floor while keeping your back neutral. Breathe in on the way down or before initiating the next rep."
Clean and Press,Barbell,Full Body,None,assets/media/exercises/ex_0084_video.mp4,assets/media/exercises/ex_0084_thumbnail.jpg,"1. Stand in front of a loaded barbell with your shins a couple of inches away. Your feet should be hip-width apart, with toes pointed slightly out. | 2. Lean forward and grab the barbell with an even, overhand grip. Have your knees against the crease of your elbows. | 3. Bring your chest out to put your back in a neutral position. Your hips should be slightly higher than your knees. | 4. Initiate the first pull by deadlifting the barbell off the floor as you press your heels into the ground. Make the initial pull powerful to generate momentum for the next part of the lift. | 5. Once the barbell travels above your knees, keep driving your hips forward as you begin pulling the weight in a straight vertical line. The entire sequence should happen in one smooth motion. | 6. As the barbell travels up, squat, catch it, and have it land over your shoulders and upper chest. Maintain a firm grip on the barbell and keep your elbows pointing forward. | 7. As the barbell lands in a front rack position, dip a few extra inches until your thighs are parallel to the floor and squat to the top, straightening your knees fully and exhaling. | 8. Take another breath and press the bar straight up, bringing your head back to avoid bumping your nose or chin. Exhale again. | 9. Lower the bar to your shoulders before returning it to the starting position."
Clean Pull,Barbell,Full Body,None,assets/media/exercises/ex_0085_video.mp4,assets/media/exercises/ex_0085_thumbnail.jpg,"1. Stand in front of a barbell. Your feet should be hip-width apart and the barbell should be over the mid-foot. | 2. Lean forward and grab the barbell with an even overhand grip. | 3. Bring your shoulders back to straighten your back, lower yourself to the bar, and pull the slack off the barbell. | 4. Take a breath and initiate the pull by digging your heels into the floor. | 5. Extend your hips and knees while maintaining a neutral back position. | 6. As the barbell travels up, extend your knees and hips. | 7. Once the barbell goes over your knees, initiate the second stage by forcefully pressing your heels into the floor as if you were trying to do a vertical jump. | 8. As the barbell continues moving up, drive your hips forward, fully extending your knees and hips. | 9. Immediately shrug your shoulders and pull upward until the bar goes slightly above your waist. Exhale forcefully. | 10. Lower the barbell slowly by first bringing your glutes back. Keep your chest out and back straight. Breathe in on the way down or before initiating the next rep."
Concentration Curl,Dumbbell,Biceps,None,assets/media/exercises/ex_0086_video.mp4,assets/media/exercises/ex_0086_thumbnail.jpg,"1. Take a light dumbbell and sit on a flat gym bench. | 2. Spread your legs wide and place the dumbbell between your legs. | 3. Reach down and grab the weight with your right hand. | 4. Lift the weight off the floor and place the right tricep (upper arm) against your inner leg. | 5. Keep your chest out and body stable, take a breath, and straighten your arm. | 6. Curl the dumbbell until your wrist is higher than your elbow. Keep your upper arm in the same position against your inner leg. Squeeze your muscle at the top as you breathe out. | 7. Lower the dumbbell slowly and extend your elbow entirely as you breathe in. | 8. Once finished, do the same number of reps for your other arm."
Cross Body Hammer Curl,Dumbbell,Biceps,Forearms,assets/media/exercises/ex_0087_video.mp4,assets/media/exercises/ex_0087_thumbnail.jpg,"1. Grab a pair of dumbbells and stand tall. | 2. Have your feet in a normal stance, arms to your sides, and palms facing your body. | 3. Bring your shoulders back, squeeze your buttocks, and take a breath. | 4. Curl one dumbbell across your body and in front of your chest as you breathe out. | 5. Extend your arm as you breathe in. | 6. Curl the other dumbbell and alternate until you finish the set."
Crunch,None,Abdominals,None,assets/media/exercises/ex_0088_video.mp4,assets/media/exercises/ex_0088_thumbnail.jpg,"1. Lie on the floor, bend your knees, and place your feet flat on the floor. | 2. Bring your arms up and place your fingertips behind your head. | 3. Engage your abs and take a breath. | 4. Crunch by bending your torso, lifting your shoulder blades several inches off the floor. Exhale at the top. | 5. Lower yourself slowly and breathe in."
Crunch (Machine),Machine,Abdominals,None,assets/media/exercises/ex_0089_video.mp4,assets/media/exercises/ex_0089_thumbnail.jpg,"1. Select the appropriate load. | 2. Sit down on the machine. Secure your ankles on the bottom pads, have the middle pad against your lower back, and position your chest on the top pad. | 3. Grab the handles for support. | 4. Take a breath and flex your abs to push the top pad forward. Exhale. | 5. Release as you breathe in."
Crunch (Weighted),None,Abdominals,None,assets/media/exercises/ex_0090_video.mp4,assets/media/exercises/ex_0090_thumbnail.jpg,"1. Grab a weight plate and lie on the floor. | 2. Position the weight over your chest. | 3. Bring your legs together, bend your knees, and plant your feet on the floor. | 4. Take a breath and engage your abs to crunch your torso, lifting your shoulder blades several inches off the floor. Breathe out. | 5. Lower your torso to the floor as you breathe in."
Curtsy Lunge (Dumbbell),Dumbbell,Quadriceps,"Glutes, Hamstrings, Adductors",assets/media/exercises/ex_0091_video.mp4,assets/media/exercises/ex_0091_thumbnail.jpg,"1. Stand tall with a dumbbell in each hand. | 2. Engage your abs, bring your shoulders back, and take a breath. | 3. Bring your right leg back in a semi-circle, crossing your left leg. | 4. Plant the ball of the foot on the floor and descend into a lunge. | 5. Descend until your back knee almost touches the floor. | 6. Push through your front heel to extend your leg and bring the right leg to its starting position as you exhale. | 7. Inhale again and perform the same motion with the opposite leg. | 8. Alternate between the left and right leg until you’re done."
Dead Bug,None,Abdominals,None,assets/media/exercises/ex_0092_video.mp4,assets/media/exercises/ex_0092_thumbnail.jpg,"1. Place an exercise mat on the ground and lie down. | 2. Lift your feet off the floor and bend your knees at a 90-degree angle. | 3. Lift your arms over your chest. | 4. Engage your abs to maintain a spinal curve, and take a breath. | 5. Extend your left leg, bringing the foot an inch or two away from the floor. | 6. Simultaneously extend your right arm back, bringing the hand close to the floor (optional). Breathe out. | 7. Bring your arm and leg to the starting position as you breathe in. | 8. Extend your opposite arm and leg."
Dead Hang,None,Upper Back,"Lats, Forearms",None,assets/media/exercises/ex_0093_thumbnail.jpg,"1. Stand underneath a pull-up bar. | 2. Reach up and grab the bar with an even overhand grip. | 3. Lift your feet off the floor and keep your legs together. | 4. Relax your shoulders and midsection, supporting yourself on grip strength. | 5. Hang for as long as possible, breathing regularly as you do."
Deadlift (Band),Resistance Band,Glutes,"Hamstrings, Quadriceps, Lower Back, Upper Back, Lats, Traps",assets/media/exercises/ex_0094_video.mp4,assets/media/exercises/ex_0094_thumbnail.jpg,"1. Grab an open-ended resistance band with handles on both sides. | 2. Step over the band, keeping your feet a few inches apart. | 3. Straighten your body, bring your shoulders back, and engage your abs. | 4. Take a breath and hinge at the hip to lean forward. | 5. As you move down, bend your knees to maintain a neutral spine position. | 6. Move down as much as you can––ideally, until your hands are several inches off the floor. | 7. Hold for a moment and extend your body by driving your hips forward. | 8. Exhale near the top."
Deadlift (Dumbbell),Dumbbell,Glutes,"Hamstrings, Quadriceps, Lower Back, Upper Back, Lats, Traps",assets/media/exercises/ex_0095_video.mp4,assets/media/exercises/ex_0095_thumbnail.jpg,"1. Have your feet hip-width apart, and position a pair of dumbbells parallel to them. When seen from the top, the front weight plate of each dumbbell should align with your mid-foot. | 2. Bend forward and grab the dumbbells while keeping your arms straight. | 3. Bring your chest out without lifting the dumbbells to put your back into a neutral position. | 4. Take a breath and initiate the lift by pressing through your heels as you engage your upper body and legs. | 5. Lift the dumbbells in a straight vertical line, moving them to your sides. | 6. Extend your hips and knees simultaneously, especially as the dumbbells pass the knees, and continue up until you’re standing. Breathe out at the top. | 7. Begin the descent by breaking at the hips and pushing your buttocks back—lower the weights in the same straight line. | 8. Breathe in as the weights move down or before initiating the next rep."
Deadlift (Smith Machine),Machine,Glutes,"Hamstrings, Quadriceps, Lower Back, Upper Back, Lats, Traps",assets/media/exercises/ex_0096_video.mp4,assets/media/exercises/ex_0096_thumbnail.jpg,"1. Set the Smith machine bar in the lowest position and load it appropriately. | 2. Stand in front of the bar with your shins a couple of inches away. | 3. Lean forward and grab the bar with a double overhand grip. | 4. Bend your knees slightly and bring your chest out to put your back in a neutral position. | 5. Take a breath and pull the bar up, extending your hips near the top as you breathe out. | 6. Hold the top briefly and lower the bar by bringing your buttocks back. Maintain a neutral back position. | 7. Breathe in on the way down or before initiating the next rep."
Deadlift (Trap bar),Barbell,Glutes,"Hamstrings, Quadriceps, Lower Back, Upper Back, Lats, Traps",assets/media/exercises/ex_0097_video.mp4,assets/media/exercises/ex_0097_thumbnail.jpg,"1. Load a trap bar and stand inside it. Your feet should be hip-width apart, with the toes pointing slightly out. | 2. Squat down and grab the handles on both sides. | 3. Bring your shoulders back to straighten your back. | 4. Take a breath and initiate the pull by digging your heels into the floor. | 5. As the bar moves up, gradually extend your hips and knees until you’re upright. Breathe out. | 6. Lower the trap bar slowly. Bring your buttocks back first and gradually bend your knees until you’re at the starting position. | 7. Breathe in as the bar moves down or before initiating the next rep."
Deadlift High Pull,Barbell,Full Body,None,assets/media/exercises/ex_0098_video.mp4,assets/media/exercises/ex_0098_thumbnail.jpg,"1. Stand in front of a loaded barbell. | 2. Spread your feet wide and point your toes out. Have your shins an inch or two from the bar. | 3. Lean forward and grab the bar with a double overhand grip. Your hands should be several inches apart. | 4. Bend your knees and bring your chest out to position yourself against the bar, and straighten your back. | 5. Initiate the pull by digging your heels into the floor and flexing your legs. | 6. Extend your hips and knees until you’re upright. | 7. Immediately pull the barbell in a straight vertical line as you extend your body. | 8. Lift the bar until it reaches chest level and breathe out. | 9. Lower the bar and hinge at the hips as the weight reaches your upper thighs. | 10. Lower the bar in the same straight vertical line. | 11. Breathe in on the way down or before initiating the next rep."
Decline Bench Press (Barbell),Barbell,Chest,"Shoulders, Triceps",assets/media/exercises/ex_0099_video.mp4,assets/media/exercises/ex_0099_thumbnail.jpg,"1. Lie down on the bench, positioning your forehead directly under the bar. | 2. Grab the barbell with a double overhand grip. Your arms should be more than shoulder-width apart. | 3. Bring your shoulders back, engage your abs, and take a breath. | 4. Unrack the bar carefully and bring it in over your chest. | 5. Take another breath and lower the barbell to your lower chest. | 6. Tap your torso lightly and press the barbell straight up, exhaling near the top. | 7. Once finished, bring the barbell over your head and rack it before relaxing your body."
Decline Bench Press (Dumbbell),Dumbbell,Chest,"Shoulders, Triceps",assets/media/exercises/ex_0100_video.mp4,assets/media/exercises/ex_0100_thumbnail.jpg,"1. Position yourself on a decline bench and secure your feet. | 2. Lie back and retract your shoulder blades. | 3. Have a friend hand you the dumbbells one by one. Alternatively, hold the dumbbell and lie back carefully. | 4. Keep your arms extended, midsection engaged, and weights over your chest. | 5. Take a breath. | 6. Lower the dumbbells to your sides while keeping your elbows somewhat tucked in. | 7. Lower the weights until your elbows are at torso level. | 8. Press the weights straight up, exhaling on the way up. | 9. Once finished, have someone take at least one dumbbell from your hand so you can sit up."
Decline Bench Press (Machine),Machine,Chest,"Shoulders, Triceps",assets/media/exercises/ex_0101_video.mp4,assets/media/exercises/ex_0101_thumbnail.jpg,"1. Load the machine appropriately. | 2. Set the seat height for the handles to be just below chest level when you sit down. | 3. Sit down and grab the handles. Keep your elbows tucked at your sides. | 4. Retract your shoulder blades, plant your feet on the floor, squeeze your abs, and inhale. | 5. Press the handles forward and down, fully extending your elbows and exhaling. Pause briefly and squeeze your chest. | 6. Slowly bend your arms as you breathe in."
Decline Bench Press (Smith Machine),Machine,Chest,"Shoulders, Triceps",assets/media/exercises/ex_0102_video.mp4,assets/media/exercises/ex_0102_thumbnail.jpg,"1. Position a decline bench underneath a Smith machine. The bench should be positioned so that the bar is above your lower chest when you lie back. | 2. Load the bar appropriately and have it at a height where you can reach it from a lying position. | 3. Lie back, grab the bar with a double overhand grip, and retract your shoulders. | 4. Unrack the bar by extending your arms. | 5. Take a breath and lower the bar to your chest. | 6. Press the bar to the top position and exhale. | 7. Once finished, rack the bar carefully and stand up."
Decline Chest Fly (Dumbbell),Dumbbell,Chest,None,assets/media/exercises/ex_0103_video.mp4,assets/media/exercises/ex_0103_thumbnail.jpg,"1. Set the bench at a decline. | 2. Grab a pair of light dumbbells and sit on the bench, securing your feet. | 3. Keep the dumbbells close to your chest and lie back carefully. | 4. Extend your arms, position the dumbbells over your chest, and retract your shoulder blades. Keep your wrists neutral (hands facing one another). | 5. Take a breath and bring your arms to your sides, stretching your chest muscles. Keep your elbows slightly bent from start to finish. | 6. Bring your arms in, squeeze your chest, and tap the dumbbells at the top as you exhale."
Decline Crunch,None,Abdominals,None,assets/media/exercises/ex_0104_video.mp4,assets/media/exercises/ex_0104_thumbnail.jpg,"1. Position yourself on a decline bench and secure your feet. | 2. Lie back carefully, keeping your spine in contact with the back support. | 3. Bring your hands behind your head. | 4. Take a breath and crunch your torso by squeezing your rectus abdominis muscle. Lift your shoulder blades several inches off the bench and exhale. | 5. Lower your torso as you breathe in."
Decline Crunch (Weighted),None,Abdominals,None,assets/media/exercises/ex_0105_video.mp4,assets/media/exercises/ex_0105_thumbnail.jpg,"1. Grab a weight plate, position yourself on a decline bench, and secure your legs. | 2. Lie back carefully while keeping the plate against your chest. | 3. Take a breath and crunch your torso by engaging your abs. | 4. Lift your shoulder blades several inches off the floor and exhale. | 5. Hold for a moment and lower your torso slowly as you breathe in."
Decline Push Up,Other,Chest,"Shoulders, Triceps",assets/media/exercises/ex_0106_video.mp4,assets/media/exercises/ex_0106_thumbnail.jpg,"1. Get down on all fours and position your feet on a gym bench, plyo box, or another sturdy object. | 2. Extend your body into a push-up position with your hands wider than shoulder-width apart and rotated slightly out. | 3. Have your arms straight and shoulder blades retracted. | 4. Engage your abs and take a breath. | 5. Lower your body by bending your elbows. | 6. Move down until your face is close to the floor. | 7. Press yourself back by extending your arms. Exhale near the top."
Diamond Push Up,None,Triceps,"Chest, Shoulders",assets/media/exercises/ex_0107_video.mp4,assets/media/exercises/ex_0107_thumbnail.jpg,"1. Get down on all fours and bring your hands together. Your thumbs and index fingers should be in contact or just a couple of inches apart. | 2. Extend your body into a push-up position, bringing your shoulders, hips, and knees into alignment. | 3. Bring your shoulders back, squeeze your glutes, and take a breath. | 4. Lower yourself by bending your elbows. | 5. Descend as low as possible and hold the bottom for a moment. | 6. Press yourself back to the top, exhaling as you straighten your arms."
Downward Dog,None,Full Body,None,assets/media/exercises/ex_0108_video.mp4,assets/media/exercises/ex_0108_thumbnail.jpg,"1. Get down on all fours with your knees underneath your hips. Have your shoulders, elbows, and wrists in vertical alignment. | 2. Take a breath and push your buttocks back as you extend your arms. | 3. Transition into the high position by elevating your glutes and straightening your legs as you maintain a rigid upper body. | 4. Hold the position and release by first bending your knees and then bringing your torso forward."
Drag Curl,Barbell,Biceps,None,assets/media/exercises/ex_0109_video.mp4,assets/media/exercises/ex_0109_thumbnail.jpg,"1. Grab a loaded straight bar with your palms facing forward and stand tall. | 2. Your hands should be just outside your thighs. | 3. Bring your shoulders back and take a breath. | 4. Curl the bar by bending your elbows, dragging the weight against your body. | 5. Lift the bar as high as possible, squeezing your biceps at the top and exhaling. | 6. Lower the bar in the same straight line as you breathe in."
Dragon Flag,None,Abdominals,None,assets/media/exercises/ex_0110_video.mp4,assets/media/exercises/ex_0110_thumbnail.jpg,1. Lie on a flat gym bench and grab the back support with both hands. | 2. Extend your body and engage your abs. | 3. Take a breath and lift your body off the bench using your midsection musculature. | 4. Elevate your body as high as possible and hold for a moment as you exhale. | 5. Lower your body slowly and breathe in.
Dragonfly,None,Abdominals,None,assets/media/exercises/ex_0111_video.mp4,assets/media/exercises/ex_0111_thumbnail.jpg,1. Lie on a flat gym bench and grab the back support with both hands. | 2. Extend your body and engage your abs. | 3. Take a breath and lift your body off the bench by engaging your midsection musculature. | 4. Elevate your body as high as possible and hold for a moment before exhaling. | 5. Lower your body slowly and breathe in.
Dumbbell Row,Dumbbell,Lats,"Upper Back, Biceps, Forearms",assets/media/exercises/ex_0112_video.mp4,assets/media/exercises/ex_0112_thumbnail.jpg,"1. Grab a dumbbell. | 2. Place your right knee and right hand on a flat gym bench. Keep your left leg and arm straight with the dumbbell in your hand. | 3. Bring your shoulders back and engage your abs. | 4. Row the dumbbell until your elbow is at torso level and squeeze for a moment as you exhale. | 5. Lower the weight while keeping your shoulders in position. Breathe in on the way down. | 6. Once finished, grab the dumbbell with the opposite hand, position your left hand and knee on the bench, and repeat."
Dumbbell Snatch,Dumbbell,Full Body,None,assets/media/exercises/ex_0113_video.mp4,assets/media/exercises/ex_0113_thumbnail.jpg,"1. Place a dumbbell on the floor. | 2. Lean forward and grab the dumbbell with one hand. | 3. Bring your shoulders back, engage your abs, and take a breath. | 4. Thrust the dumbbell up in one powerful swing. | 5. Simultaneously dip slightly (bend your knees) to receive the weight overhead. | 6. Extend your arm and straighten your legs as you exhale. | 7. Lower the dumbbell slowly, breathing in on the way down. | 8. Repeat. | 9. Grab the dumbbell with the opposite hand and repeat for the same number of reps."
Dumbbell Squeeze Press,Dumbbell,Chest,"Shoulders, Triceps",assets/media/exercises/ex_0114_video.mp4,assets/media/exercises/ex_0114_thumbnail.jpg,"1. Grab a pair of dumbbells, sit on a flat gym bench, and place the weights on top of your thighs. | 2. Lie back slowly while keeping your arms bent and dumbbells against your body. | 3. Extend your arms, position the dumbbells over your chest, have your wrists neutral (palms facing one another), and squeeze the weights together. | 4. Bring your shoulders back and inhale. | 5. Lower the dumbbells to your chest, hold for a moment, and press them back to the top as you breathe out."
Dumbbell Step Up,Dumbbell,Quadriceps,"Glutes, Hamstrings",assets/media/exercises/ex_0115_video.mp4,assets/media/exercises/ex_0115_thumbnail.jpg,"1. Grab a pair of dumbbells and stand in front of a flat gym bench or plyo box. | 2. Bring your shoulders back and take a breath. | 3. Extend one leg forward and plant the foot on the elevated object. | 4. Press through your front foot and step up, positioning yourself on the bench or box as you exhale. | 5. Step back to the starting position and breathe in. | 6. Extend the opposite leg forward. | 7. Keep alternating between left and right."
Elbow to Knee,None,Abdominals,None,assets/media/exercises/ex_0116_video.mp4,assets/media/exercises/ex_0116_thumbnail.jpg,"1. Lie on the floor, bend your knees, rotate your right leg, and position the outer portion of your ankle against your left thigh. | 2. Bring your left hand behind your head. | 3. Take a breath and engage your abs. | 4. Crunch and rotate your torso, bringing your left elbow to your right knee. Exhale. | 5. Lower your torso and breathe in. | 6. Once finished, place your left ankle against your right thigh and position your right hand behind your head. Repeat for the same number of reps."
Elliptical Trainer,Machine,Cardio,None,assets/media/exercises/ex_0117_video.mp4,assets/media/exercises/ex_0117_thumbnail.jpg,"1. Select the correct resistance and position yourself on the elliptical machine. | 2. Bring your shoulders back, engage your abs, and take a breath. | 3. Initiate the movement by driving your right leg forward as you pull the right handle back. | 4. Maintain a steady tempo and move your arms and legs alternatingly."
EZ Bar Biceps Curl,Barbell,Biceps,None,assets/media/exercises/ex_0118_video.mp4,assets/media/exercises/ex_0118_thumbnail.jpg,"1. Load an EZ (curved) bar and grab it with an even underhand grip (palms facing forward). | 2. Stand tall with your feet in a comfortable stance, knees bent slightly, and shoulders retracted. | 3. Take a breath and lift the bar by engaging your biceps. | 4. Move the weight up until your wrists are slightly higher than your elbows and breathe out. | 5. Pause for a moment and extend your arms as you breathe in."
Farmers Walk,Other,Full Body,None,assets/media/exercises/ex_0119_video.mp4,assets/media/exercises/ex_0119_thumbnail.jpg,"1. Grab a pair of heavy dumbbells, kettlebells, or weight plates. | 2. Stand tall with your shoulders back, your abs tight, and your gaze directed a few feet forward. | 3. Walk forward slowly, breathing steadily as you do. | 4. Go for as long as possible and bend your knees to set the weights on the floor."
Feet Up Bench Press (Barbell),Barbell,Chest,"Shoulders, Triceps",assets/media/exercises/ex_0120_video.mp4,assets/media/exercises/ex_0120_thumbnail.jpg,"1. Set the bar at a height where you can unrack it without fully extending your arms. | 2. Add the appropriate weight and lie on the bench with your forehead directly underneath the bar. | 3. Grab the bar evenly with your hands slightly wider than your shoulders. | 4. Bring your shoulder blades back and into the bench, and extend your legs. Depending on your height, the back of your thighs, knees, or calves should rest against the edge of the bench. | 5. Engage your abs, unrack the bar, and bring it over your mid-chest. | 6. Breathe in and lower the barbell to your chest. | 7. Pause for a moment and press the bar to the top as you exhale. | 8. Breathe in and repeat for the recommended number of reps."
Fire Hydrants,None,Glutes,None,assets/media/exercises/ex_0121_video.mp4,assets/media/exercises/ex_0121_thumbnail.jpg,"1. Get down on your hands and knees. Have your knees below your hips and your shoulders, elbows, and wrists in line. | 2. Plant your hands flat on the floor and engage your abs to put your back in a neutral position. | 3. Flex your right leg without extending the knee. | 4. Take a breath and raise your right leg, bringing it to your side. Lift your leg as high as your mobility and strength allow, exhaling at the top. Don’t let your torso rotate with your knee; keep your hips squared. | 5. Bring your right leg back to the starting position as you breathe in. | 6. Once you’re done, do the same number of reps with the other leg."
Floor Press (Barbell),Barbell,Chest,"Shoulders, Triceps",assets/media/exercises/ex_0122_video.mp4,assets/media/exercises/ex_0122_thumbnail.jpg,"1. Set the barbell on a squat rack at roughly one foot above the floor. | 2. Set the squat rack safety bars at torso level (while lying on the floor). | 3. Lie flat on the floor with the bar above your forehead. | 4. Reach up and grab the bar with an even overhand grip. | 5. Retract your shoulder blades, squeeze your abs, and take a breath. | 6. Unrack the bar by locking out your elbows. | 7. Position the bar over your chest and take another breath. | 8. Lower the bar until your elbows come in contact with the floor. | 9. Press the bar up, exhaling near the top."
Floor Press (Dumbbell),Dumbbell,Chest,"Shoulders, Triceps",assets/media/exercises/ex_0123_video.mp4,assets/media/exercises/ex_0123_thumbnail.jpg,"1. Grab a pair of dumbbells and sit on the floor. | 2. Bend your arms to bring the weights close to your torso, and lie back. | 3. Keep your knees bent and your feet flat on the floor. | 4. Position the dumbbells to your sides, engage your abs, and retract your shoulder blades. | 5. Take a breath and press the dumbbells up and in, breathing out at the top. | 6. Slowly lower the dumbbells to your sides as you breathe in."
Floor Triceps Dip,None,Triceps,Shoulders,assets/media/exercises/ex_0124_video.mp4,assets/media/exercises/ex_0124_thumbnail.jpg,"1. Sit down, bend your knees, and place your feet flat on the floor. | 2. Lean your torso back and place your hands flat on the floor and behind your body. | 3. Engage your abs and take a breath. | 4. Press through your palms to extend your arms, lifting your buttocks several inches off the floor. Exhale. | 5. Slowly bend your arms, bringing your butt back to the floor as you breathe in."
Flutter Kicks,None,Abdominals,None,assets/media/exercises/ex_0125_video.mp4,assets/media/exercises/ex_0125_thumbnail.jpg,"1. Lie on the floor with your arms to your sides and hands flat on the floor. | 2. Engage your abs and raise your feet a couple of inches off the ground. | 3. Breathe in and begin moving your feet up and down alternatingly, several inches in each direction. | 4. Maintain a steady exercise tempo and breathing."
Frog Jumps,None,Quadriceps,"Glutes, Hamstrings, Calves",assets/media/exercises/ex_0126_video.mp4,assets/media/exercises/ex_0126_thumbnail.jpg,"1. Stand tall with your feet wider than your hips and toes pointing slightly out. | 2. Engage your abs and extend your arms with your hands in front of your hips. | 3. Take a breath and descend into a squat, keeping your heels in contact with the floor. | 4. Descend until your hands brush the floor. | 5. Immediately press through your heels as powerfully as possible, propelling yourself in the air and exhaling at the top. Keep your arms pointing to the floor. | 6. Take another breath as you land, descend into the next repetition, and repeat."
Frog Pumps (Dumbbell),Dumbbell,Glutes,Hamstrings,assets/media/exercises/ex_0127_video.mp4,assets/media/exercises/ex_0127_thumbnail.jpg,"1. Grab a dumbbell and lie on the floor. | 2. Carefully place the weight on your groin and hold it with both hands. | 3. Bring your feet together and have your knees pointed out. | 4. Engage your abs and take a breath. | 5. Press through your feet to extend your hips toward the ceiling, squeezing your glutes at the top and breathing out. | 6. Slowly lower your buttocks to the floor as you breathe in."
Front Lever Hold,None,Full Body,None,assets/media/exercises/ex_0128_video.mp4,assets/media/exercises/ex_0128_thumbnail.jpg,"1. Reach up and grab a bar with an even, overhand grip. Your hands should be shoulder-width apart and elbows extended. | 2. Bring your feet together and extend your knees by flexing your quadriceps. | 3. Maintain a neutral spine by flexing your midsection muscles. Avoid arching your lower back during any part of the front lever. | 4. Flex your entire upper body and take a breath. | 5. With your body rigid, initiate the front lever by leaning back as you engage your lats and midsection. | 6. Raise your entire body horizontally by engaging your back, shoulders, and midsection musculature. | 7. Lift your body until you reach a horizontal position and hold, breathing steadily. | 8. Slowly move back to the starting position as you relax your body."
Front Lever Raise,None,Full Body,None,assets/media/exercises/ex_0129_video.mp4,assets/media/exercises/ex_0129_thumbnail.jpg,"1. Reach up and grab a bar with an even, overhand grip. Your hands should be shoulder-width apart, and your elbows should be extended. | 2. Bring your feet together and extend your knees by flexing your quadriceps. | 3. Maintain a neutral spine by flexing your midsection muscles. Don't arch your lower back during any part of the front lever. | 4. Flex your entire upper body and take a breath. | 5. With your body rigid, initiate the front lever by leaning back as you engage your lats and midsection. | 6. Raise your entire body in a horizontal position by engaging your back, shoulders, and midsection musculature. | 7. Lift your body until you reach a horizontal position, and hold for a moment as you exhale. | 8. Slowly move back to the starting position as you breathe in."
Front Raise (Band),Resistance Band,Shoulders,None,assets/media/exercises/ex_0130_video.mp4,assets/media/exercises/ex_0130_thumbnail.jpg,"1. Take an open-ended resistance band with handles on both sides. | 2. Step over the middle of the band, grab both ends, and position your arms to your sides. | 3. Bring your shoulders back, engage your abs, and take a breath. | 4. Raise your arms in front of your body in one smooth motion, exhaling at the top. | 5. Slowly lower your arms to your sides as you breathe in."
Front Raise (Barbell),Barbell,Shoulders,None,assets/media/exercises/ex_0131_video.mp4,assets/media/exercises/ex_0131_thumbnail.jpg,"1. Grab the bar with a double overhand grip (palms facing back). Your hands should be shoulder-width apart. | 2. Stand tall, bring your shoulders back, and squeeze your abs. | 3. Take a breath and lift the barbell in front of your body, keeping your elbows extended. Lift until the weight is at shoulder level and exhale. | 4. Lower the barbell to the starting position, breathing in on the way down."
Front Raise (Cable),Machine,Shoulders,None,assets/media/exercises/ex_0132_video.mp4,assets/media/exercises/ex_0132_thumbnail.jpg,"1. Set the pulley in the lowest position and attach a straight bar. | 2. Face away from the cable machine with the bar between your legs. | 3. Grab the straight bar with an overhand grip (palms facing back), and have the rope between your legs. Your arms should be straight. | 4. Bring your shoulders back, engage your upper body, and bend your knees slightly. | 5. Inhale and raise the bar away from your body in one fluid motion. | 6. Lift until the bar is at shoulder level and breathe out. Keep your arms straight. | 7. Lower your arms to the starting position as you breathe in."
Front Raise (Dumbbell),Dumbbell,Shoulders,None,assets/media/exercises/ex_0133_video.mp4,assets/media/exercises/ex_0133_thumbnail.jpg,1. Grab a pair of dumbbells and stand tall. | 2. Position the dumbbells in front of your thighs with your palms facing back. | 3. Bring your shoulders back and inhale. | 4. Raise both dumbbells until they are at shoulder level. Exhale at the top. | 5. Lower the dumbbells to your upper thighs as you breathe in.
Front Raise (Suspension),Suspension,Shoulders,None,assets/media/exercises/ex_0134_video.mp4,assets/media/exercises/ex_0134_thumbnail.jpg,"1. Grab the handles of a suspension trainer with your arms straight and in front of your chest. | 2. Lean your body back several degrees, have your feet together, and engage your abs. | 3. Take a breath and raise your arms overhead, pulling your body into a vertical position. Exhale. | 4. Slowly lower your arms in front of your chest as you lean back and breathe in."
Front Squat,Barbell,Quadriceps,"Hamstrings, Glutes",assets/media/exercises/ex_0135_video.mp4,assets/media/exercises/ex_0135_thumbnail.jpg,"1. Position the barbell at collarbone height. | 2. Dip by bending your knees slightly, pressing your upper chest against the bar, and extending your arms forward. | 3. Bend your right elbow and bring your forearm over the bar with the hand resting atop your collarbone. | 4. Bend your left elbow and position your left hand on top of your collarbone, right over the bar. | 5. Position the barbell on your shoulders, bring your chest out, take a breath, and extend your knees to unrack the bar. | 6. Take two steps back to clear enough room. | 7. Inhale and descend by bending your knees while keeping your torso upright. | 8. Go down as comfortably as possible––ideally, until your thighs are parallel to the floor. | 9. Push through your heels to squat up and exhale near the top."
Full Squat,Barbell,Quadriceps,"Hamstrings, Glutes",assets/media/exercises/ex_0136_video.mp4,assets/media/exercises/ex_0136_thumbnail.jpg,"1. Position a barbell behind your neck and place it on your upper back muscles. | 2. Grab the bar evenly for support. | 3. Bring your shoulders back and position your feet in a comfortable stance with your toes pointing slightly out. | 4. Engage your abs and take a breath. | 5. Squat down and keep your heels in contact with the floor. | 6. Descend as much as your mobility allows, hold for a moment, and press through your heels to move up. | 7. Exhale near the top."
Glute Bridge,None,Glutes,"Hamstrings, Quadriceps",assets/media/exercises/ex_0137_video.mp4,assets/media/exercises/ex_0137_thumbnail.jpg,1. Lie flat on the ground. | 2. Bend your knees and plant your feet on the floor. | 3. Position your arms to your sides for balance. | 4. Take a breath and press through your heels to extend your hips toward the ceiling. | 5. Squeeze your glutes at the top and hold the position for a moment as you exhale. | 6. Lower your buttocks to the floor as you breathe in.
Glute Ham Raise,Machine,Hamstrings,Glutes,assets/media/exercises/ex_0138_video.mp4,assets/media/exercises/ex_0138_thumbnail.jpg,"1. Set yourself up on a glute ham raise machine. The ankle pad should be against your Achilles heel, and your knees should be on the platform supporting your hips. Push the balls of your feet against the foot platform if your machine has one. | 2. With your torso upright, knees bent, and ankles secure, cross your arms in front of your chest, retract your shoulder blades, and inhale. | 3. Slowly extend your legs and bring your torso forward and down while keeping your back and hips rigid. | 4. Descend as much as possible––ideally, until your knees are almost entirely straight. | 5. Engage your posterior chain to bend your knees and raise your torso to the starting position. Exhale near the top."
Glute Kickback (Machine),Machine,Glutes,Hamstrings,assets/media/exercises/ex_0139_video.mp4,assets/media/exercises/ex_0139_thumbnail.jpg,"1. Select the appropriate load. | 2. Position your right side to the machine and grab the horizontal support bar. | 3. Place the back of your right thigh against the pad, just above the crease of the knee. | 4. Bring your shoulders back, engage your abs, and extend your leg back in one fluid motion as you exhale. | 5. Slowly bring your leg to the starting position as you breathe in. | 6. Once finished, rotate your body 180 degrees, and do the same number of reps for your left leg."
Glute Kickback on Floor,None,Glutes,Hamstrings,assets/media/exercises/ex_0140_video.mp4,assets/media/exercises/ex_0140_thumbnail.jpg,"1. Get down on all fours with your hands flat and knees supporting your lower body. | 2. Your knees should be underneath your hips, and your wrists, elbows, and shoulders should be aligned. | 3. Engage your abs and take a breath. | 4. Kick your right leg back and up, squeezing your glutes at the top and exhale. Keep your knee bent. | 5. Slowly bring the leg to the starting position and breathe in. | 6. Once finished training one side, do the same number of reps with your other leg."
Goblet Squat,Dumbbell,Quadriceps,"Hamstrings, Glutes",assets/media/exercises/ex_0141_video.mp4,assets/media/exercises/ex_0141_thumbnail.jpg,"1. Grab a dumbbell and raise it in front of your torso with both arms while keeping it vertical (with one side up). | 2. Position your hands to the sides of it with your palms placed firmly against the top weight plate. | 3. Straighten your back, engage your abs, and inhale. | 4. Descend into a squat while keeping your torso upright. | 5. Squat as low as you comfortably can – ideally until your thighs are parallel with the floor. | 6. Push through your heels to raise yourself back to the starting position and exhale near the top of the repetition."
Good Morning (Barbell),Barbell,Hamstrings,"Glutes, Lower Back, Upper Back, Lats",assets/media/exercises/ex_0142_video.mp4,assets/media/exercises/ex_0142_thumbnail.jpg,"1. Set the bar up at around armpit height, and grip it evenly, slightly outside shoulder-width level. | 2. Tuck yourself under the bar and position it on your lower traps, around the level of your rear deltoids. | 3. Extend your upper back and press the bar against it with both hands. Keep your wrist straight and don't rest the bar on your hands. | 4. With your feet hip-width apart and firmly planted on the ground, push your hips forward and unrack the bar. Take a few steps back to clear enough space for the lift. | 5. With the bar firmly pressed against your upper back and your feet planted into the ground, take a breath and push your hips straight back. | 6. As you lean forward, keep your back in a neutral position and think about pushing your butt back. | 7. Lean your torso forward as much as possible while keeping your back straight. You should feel an intense stretch in your posterior chain muscles. Allow for a slight bend in your knees at the bottom. | 8. Initiate the upward movement by pushing your hips forward and stand tall. Exhale at the top."
Gorilla Row (Kettlebell),Kettlebell,Upper Back,"Lats, Biceps, Forearms",assets/media/exercises/ex_0143_video.mp4,assets/media/exercises/ex_0143_thumbnail.jpg,"1. Place two kettlebells of equal weight on the floor and stand before them. | 2. Lean forward and grab the two kettlebell handles. | 3. Bend your knees to some degree and retract your shoulder blades to straighten your back. | 4. Take a deep breath, engage your abs, and row one kettlebell until your elbow is at torso level. Exhale. | 5. Lower the weight to the floor as you breathe in. | 6. Immediately row the other kettlebell and breathe out. | 7. Alternate between left and right until you’re done."
Hack Squat,Barbell,Quadriceps,"Hamstrings, Glutes",assets/media/exercises/ex_0144_video.mp4,assets/media/exercises/ex_0144_thumbnail.jpg,"1. Place a barbell on the floor and stand in front of it. Your calves should almost be in contact with it. | 2. Bring your chest out and descend into a squat. | 3. Grab the barbell with your palms facing back, and keep your shoulders retracted. | 4. While holding the barbell firmly, take a deep breath and push through your heels to move up. | 5. Drag the barbell against your legs and buttocks. Exhale near the top. | 6. With your shoulders back and gaze directed forward, bend at the knees and hips to descend."
Hack Squat (Machine),Machine,Quadriceps,"Glutes, Hamstrings",assets/media/exercises/ex_0145_video.mp4,assets/media/exercises/ex_0145_thumbnail.jpg,"1. Add weight to the machine. | 2. Position yourself inside the machine with your shoulders against the pad. | 3. Have your feet in a comfortable squatting stance on the platform below. | 4. Bring your shoulders back and engage your abs. | 5. Extend your knees to unrack the weight and remove the safety latch. | 6. Inhale and descend by bending your knees. | 7. Move down until your knees form a 90-degree angle. | 8. Press through your heels and straighten your legs, exhaling near the top. | 9. Once finished, put the safety on, rack the weight, and relax your body."
Hammer Curl (Band),Resistance Band,Biceps,Forearms,assets/media/exercises/ex_0146_video.mp4,assets/media/exercises/ex_0146_thumbnail.jpg,"1. Take a looped or open-ended resistance band, step over the middle, and grab both ends. | 2. Stand tall with your arms straight and your wrists neutral (facing your body). | 3. Take a breath and slowly bend your arms. | 4. Curl the band until your wrists are slightly higher than your elbows, and breathe out. Keep your elbows to your sides. | 5. Fully extend your arms as you breathe in."
Hammer Curl (Cable),Machine,Biceps,Forearms,assets/media/exercises/ex_0147_video.mp4,assets/media/exercises/ex_0147_thumbnail.jpg,"1. Select the appropriate weight and set the pulley to the lowest position. | 2. Attach a rope to the pulley. | 3. Lean forward and grab both ends of the rope attachment. Keep your hands neutral (palms facing one another). | 4. Stand up and step back to lift the weight off its stack, engage your abs, and retract your shoulder blades. | 5. Take a breath and lift the rope to your chest by bending your arms. Keep your elbows at your sides. | 6. Bend your arms until your wrists are slightly higher than your elbows, and breathe out. | 7. Slowly extend your arms and breathe in."
Handstand Hold,None,Full Body,None,assets/media/exercises/ex_0148_video.mp4,assets/media/exercises/ex_0148_thumbnail.jpg,"1. Stand tall with your arms overhead and core engaged. | 2. Take a breath and lean forward, planting your hands on the floor. | 3. Use the momentum you generate to extend your legs to the ceiling. | 4. Hold the handstand position."
Handstand Push Up,None,Shoulders,"Chest, Triceps",assets/media/exercises/ex_0149_video.mp4,assets/media/exercises/ex_0149_thumbnail.jpg,"1. Assume a handstand position by placing your hands flat on the floor and lifting your legs to the ceiling. You can support yourself against a wall for extra balance. | 2. Once in position, take a breath and lower yourself by bending your elbows. | 3. Move down slowly and stop when your head is a couple of inches from the floor. | 4. Press by extending your elbows and exhale."
Hang Clean,Barbell,Full Body,None,assets/media/exercises/ex_0150_video.mp4,assets/media/exercises/ex_0150_thumbnail.jpg,"1. Stand tall and hold a barbell with an overhand grip (palms facing back). Your hands should be more than shoulder-width apart. | 2. Bring your shoulders back, engage your abs, and position your feet comfortably. | 3. Take a breath and thrust the barbell forward and up. | 4. Immediately sink into a squat and receive the barbell in a front rack position. Your elbows should be bent, and your fingertips should support the barbell as it lies on your shoulders. | 5. Press through your heels and extend your knees to stand up, exhaling at the top. | 6. Grab hold of the barbell and carefully lower it to the starting position as you breathe in."
Hang Snatch,Barbell,Full Body,None,assets/media/exercises/ex_0151_video.mp4,assets/media/exercises/ex_0151_thumbnail.jpg,"1. Grab a loaded barbell with an overhand grip (palms facing back). | 2. Stand tall and straighten your arms. | 3. Engage your abs and take a breath. | 4. Hinge at the hips until the barbell is just above knee level. | 5. Drive your hips forward as you thrust the weight overhead, bending your knees and sinking into a squat. | 6. Catch the bar overhead with your elbows extended. | 7. Push through your heels and squat up while keeping your arms straight. Exhale at the top."
Hanging Knee Raise,None,Abdominals,Forearms,assets/media/exercises/ex_0152_video.mp4,assets/media/exercises/ex_0152_thumbnail.jpg,"1. Reach up and grab a pull-up bar with an overhand grip (palms facing forward). Your hands should be shoulder-width apart. | 2. Bring your legs together, engage your abs, and retract your shoulders. | 3. Take a breath and lift your legs, bending your knees. | 4. Raise your legs as high as possible in one fluid motion and exhale. | 5. Slowly extend your legs as you breathe in. Don’t let your lower back arch."
Hanging Leg Raise,None,Abdominals,Forearms,assets/media/exercises/ex_0153_video.mp4,assets/media/exercises/ex_0153_thumbnail.jpg,"1. Reach up and grab a pull-up bar with an even overhand grip (palms facing forward). | 2. Take a breath, engage your abs, and lift your feet off the floor, suspending yourself in the air. | 3. Raise your legs to your torso and simultaneously bend your knees. | 4. Lift your legs as high as possible in one fluid motion and exhale. | 5. Slowly extend and lower your legs while keeping your body stable as you breathe in."
Heel Taps,None,Abdominals,None,assets/media/exercises/ex_0154_video.mp4,assets/media/exercises/ex_0154_thumbnail.jpg,"1. Lie on the floor, bend your knees, bring your feet together, and plant them flat. | 2. Position your arms to your sides and take a breath. | 3. Crunch your torso to the left, tapping your left ankle with your hand. | 4. Extend your upper body, take another breath, and crunch to the right. | 5. Alternate between left and right until you’re done."
Hex Press (Dumbbell),Dumbbell,Chest,"Shoulders, Triceps",assets/media/exercises/ex_0155_video.mp4,assets/media/exercises/ex_0155_thumbnail.jpg,"1. Grab a pair of dumbbells, preferably hexagonal ones. | 2. Sit on a flat gym bench and place the weights on your thighs. | 3. Lie back while keeping the weights close to your torso. | 4. As you lie down, extend your arms and squeeze the dumbbells together. | 5. Retract your shoulder blades, take a deep breath, and squeeze your abs. | 6. Lower the dumbbells to your upper stomach and pause briefly. | 7. Press the weights to extend your arms and exhale."
High Knee Skips,None,Full Body,None,assets/media/exercises/ex_0156_video.mp4,assets/media/exercises/ex_0156_thumbnail.jpg,"1. Stand tall with your arms to your sides, legs straight, and feet a few inches apart. | 2. Bring your shoulders back, engage your abs, and inhale. | 3. Raise your left knee toward your chest as you bring your left arm back. Simultaneously bend your right arm, positioning your hand to the side of your face. | 4. Lower your left foot to the floor as you exhale, and bring your right arm to your side. | 5. Inhale and immediately bring the opposite knee to your chest, bending your left arm. | 6. Alternate and maintain a steady tempo from start to finish."
High Knees,None,Full Body,None,assets/media/exercises/ex_0157_video.mp4,assets/media/exercises/ex_0157_thumbnail.jpg,"1. Stand tall with your shoulders back, abs engaged, and gaze forward. | 2. Take a breath and raise your right knee to your chest while simultaneously bringing your right arm behind your body. | 3. Lower your knee and immediately lift the opposite one, bringing your left arm behind your body. | 4. Raise your knees to your chest alternatingly, maintaining a steady tempo as you do."
Hip Abduction (Machine),Machine,Abductors,None,assets/media/exercises/ex_0158_video.mp4,assets/media/exercises/ex_0158_thumbnail.jpg,"1. Select the appropriate load and sit down. | 2. Bring your shoulders back and grab the handles to your sides. | 3. Step on the foot platforms and position the outer part of your lower thighs against the pads. | 4. Take a breath and spread your legs out as much as possible in one fluid motion, breathing out. | 5. Bring your knees together as you breathe in."
Hip Adduction (Machine),Machine,Adductors,None,assets/media/exercises/ex_0159_video.mp4,assets/media/exercises/ex_0159_thumbnail.jpg,"1. Select the appropriate load. | 2. Sit down and place your inner thighs against the machine pads. Position your feet on the foot platforms below. | 3. Grab the handles to your sides, retract your shoulder blades, and take a breath. | 4. Squeeze your inner thigh muscles to bring the pads together as you breathe out. | 5. Move your legs to the starting position as you breathe in."
Hip Thrust,None,Glutes,"Hamstrings, Quadriceps",assets/media/exercises/ex_0160_video.mp4,assets/media/exercises/ex_0160_thumbnail.jpg,"1. Sit on the floor and position your upper back against the edge of a bench. | 2. Bend your arms and place your hands on your chest. | 3. Bend your knees and plant your feet flat on the floor. Your knees should point forward, not to the sides. | 4. Bring your shoulders back and take a breath. | 5. Engage your glutes and push through your heels to raise your butt until your hips align with your shoulders. | 6. Hold the contraction for a moment and exhale. | 7. Lower your butt to the floor as you breathe in."
Hip Thrust (Barbell),Barbell,Glutes,"Hamstrings, Quadriceps, Adductors",assets/media/exercises/ex_0161_video.mp4,assets/media/exercises/ex_0161_thumbnail.jpg,1. Sit on the floor and position a loaded barbell over your hips. | 2. Place your upper back against the edge of a flat gym bench. | 3. Bend your knees and plant your feet flat on the floor. | 4. Place your hands over the barbell and grab it firmly. | 5. Engage your abs and take a breath. | 6. Thrust the barbell toward the ceiling by squeezing your buttocks and pushing through your heels. Exhale at the top. | 7. Lower your hips to the floor and breathe in.
Hip Thrust (Machine),Machine,Glutes,"Hamstrings, Quadriceps, Adductors",assets/media/exercises/ex_0162_video.mp4,assets/media/exercises/ex_0162_thumbnail.jpg,1. Select or load the appropriate weight. | 2. Lie back on the machine with your arms to your sides and your upper back in contact with the pad. | 3. Secure the strap or belt over your hips. | 4. Take a deep breath and engage your abs. | 5. Press through your heels to extend your hips toward the ceiling. Squeeze your glutes at the top and hold for a moment as you exhale. | 6. Slowly lower your buttocks to the starting position as you breathe in.
Hip Thrust (Smith Machine),Machine,Glutes,"Hamstrings, Quadriceps, Adductors",assets/media/exercises/ex_0163_video.mp4,assets/media/exercises/ex_0163_thumbnail.jpg,"1. Set the Smith machine bar to a low position, enough to be able to tuck underneath. | 2. Load the bar appropriately and place a pad to prevent hip discomfort. | 3. Position a flat gym bench parallel or perpendicular to the bar at an approximately one-foot distance (tweak the setup to find your ideal position). | 4. Sit on the floor and lean back to position your shoulder blades on the bench. The bar should be directly over your hips. | 5. Bend your knees and plant your feet on the floor. | 6. Grab the bar, push your hips against the pad, and engage your abs. | 7. Breathe in and push through your heels to raise your hips toward the ceiling until they align with your knees and upper body. Exhale at the top. | 8. Slowly lower your buttocks to the floor as you breathe in."
Hollow Rock,None,Abdominals,None,assets/media/exercises/ex_0164_video.mp4,assets/media/exercises/ex_0164_thumbnail.jpg,"1. Lie down on an exercise mat. Have your hands at your sides, feet together, and legs straight. | 2. Contract your abs as if trying to initiate a crunch. Doing so will put your lower back against the exercise mat. | 3. Squeeze your thigh muscles as your legs are together, and lift your feet a couple of inches off the floor. Keep your legs straight. | 4. Lift your head a couple of inches off the floor and extend your arms back behind your head. | 5. Hold the position for as long as possible and breathe steadily."
Incline Bench Press (Barbell),Barbell,Chest,"Triceps, Shoulders",assets/media/exercises/ex_0165_video.mp4,assets/media/exercises/ex_0165_thumbnail.jpg,"1. Lie back on the incline bench and grab the bar with an even overhand grip. The bar should be close enough to unrack without overextending your body. | 2. Bring your shoulders back, engage your abs, and plant your feet on the floor. | 3. Take a breath and unrack the bar by locking out your elbows. | 4. Bring the barbell over your chest and take another breath. | 5. Lower the weight to your mid chest and pause for a moment. | 6. Press the bar in a straight line and exhale near the top. | 7. Once finished, carefully bring the bar over your head and rack it before relaxing."
Incline Bench Press (Smith Machine),Machine,Chest,"Shoulders, Triceps",assets/media/exercises/ex_0166_video.mp4,assets/media/exercises/ex_0166_thumbnail.jpg,"1. Place an incline bench under the Smith machine. The bar should be directly over your mid-chest when you lie down. | 2. Set the bar at a height you can reach without fully extending your arms. | 3. Lie down, grab the bar with an overhand grip (palms facing forward), and dig your shoulder blades into the bench. | 4. Engage your abs and press the bar up, rotating it to remove the safety. | 5. Take a breath and lower the bar to your chest. | 6. Press it back to the top and exhale. | 7. Once finished, rack the bar."
Incline Chest Fly (Dumbbell),Dumbbell,Chest,None,assets/media/exercises/ex_0167_video.mp4,assets/media/exercises/ex_0167_thumbnail.jpg,"1. Grab a pair of dumbbells and sit at the base of an incline gym bench. | 2. Place the weights on top of your thighs and lie back slowly. | 3. Lift the dumbbells over your chest and extend your arms. | 4. Bring your shoulders back and take a breath. | 5. Extend your arms to your sides until your elbows are at torso level. Keep your elbows slightly bent. | 6. Bring your arms in, squeezing your chest, and tap the dumbbells at the top. Exhale."
Incline Chest Press (Machine),Machine,Chest,"Shoulders, Triceps",assets/media/exercises/ex_0168_video.mp4,assets/media/exercises/ex_0168_thumbnail.jpg,"1. Add the appropriate amount of weight. | 2. Adjust the seat height so you can comfortably grab the handles and keep your elbows tucked as you sit down. | 3. Sit down, plant your feet on the floor, and grab the handles. | 4. Retract your shoulder blades, engage your abs, and take a breath. | 5. Press the handles up and overhead in one fluid motion, exhaling at the top. | 6. Slowly bend your arms as you breathe in."
Incline Push Ups,None,Chest,"Shoulders, Triceps",assets/media/exercises/ex_0169_video.mp4,assets/media/exercises/ex_0169_thumbnail.jpg,"1. Place your hands on the edge of a sturdy object (plyo box, gym bench, or a chair). | 2. Straighten your body as you would for a regular push-up. | 3. Bring your shoulders back and squeeze your glutes. | 4. Take a breath and lower yourself to the object you’re using, tapping your chest at the bottom position. | 5. Press yourself back to the top and fully extend your arms as you exhale."
Inverted Row,Machine,Upper Back,"Lats, Biceps, Forearms",assets/media/exercises/ex_0170_video.mp4,assets/media/exercises/ex_0170_thumbnail.jpg,"1. Set a bar for the rows at around hip height. You can use a Smith machine. | 2. Grab the bar with an overhand grip and tuck yourself underneath. | 3. With your arms straight and bar over your chest, extend your body and balance your lower half on your heels. | 4. Engage your glutes and abs, bring your chest out, and take a breath. Your body should be as straight as an arrow. | 5. Pull through your elbows to bring your body toward the bar. Touch the bar to your chest without flaring your elbows. Breathe out. | 6. Slowly lower yourself to the starting position as you breathe in."
Iso-Lateral Chest Press (Machine),Machine,Chest,"Shoulders, Triceps",assets/media/exercises/ex_0171_video.mp4,assets/media/exercises/ex_0171_thumbnail.jpg,"1. Add the appropriate weight to the machine. | 2. Adjust the seat height. You should be able to press without flaring your elbows. | 3. Sit down and grab the handles with an overhand grip (palms facing down). | 4. Bring your shoulders back, plant your feet on the floor, and take a breath. | 5. Press the handles forward and up, exhaling as your arms straighten. | 6. Bend your elbows as you breathe in."
Iso-Lateral High Row (Machine),Machine,Lats,"Upper Back, Biceps, Forearms",assets/media/exercises/ex_0172_video.mp4,assets/media/exercises/ex_0172_thumbnail.jpg,"1. Load the machine and set the thigh pad for your legs to fit snugly. | 2. Sit down and grab the handles. | 3. Bring your shoulders back, engage your abs, and take a breath. | 4. Pull the handles to your torso, squeezing your back muscles, and breathe out. | 5. Slowly extend your arms as you breathe in."
Iso-Lateral Low Row,Machine,Upper Back,"Lats, Biceps, Forearms",assets/media/exercises/ex_0173_video.mp4,assets/media/exercises/ex_0173_thumbnail.jpg,"1. Add the appropriate amount of weight. | 2. Sit down with your stomach and chest against the pad. | 3. Reach forward and grab the two handles. | 4. Retract your shoulder blades, take a deep breath, and engage your abs. | 5. Pull both handles until your elbows are at your sides, and squeeze your back muscles as you exhale. | 6. Slowly extend your arms as you breathe in."
Iso-Lateral Row (Machine),Machine,Upper Back,"Lats, Biceps, Forearms",assets/media/exercises/ex_0174_video.mp4,assets/media/exercises/ex_0174_thumbnail.jpg,"1. Add the appropriate weight to the machine. | 2. Adjust the seat height to have your torso against the front pad when you sit down. | 3. Sit down, plant your feet flat, position your torso against the pad, and grab the handles. | 4. Bring your shoulders back and take a breath. | 5. Pull the handles to your sides, squeezing your back at the top of the repetition and exhaling. | 6. Slowly extend your arms while keeping your shoulders retracted and breathe in."
Jack Knife (Suspension),Suspension,Abdominals,None,assets/media/exercises/ex_0175_video.mp4,assets/media/exercises/ex_0175_thumbnail.jpg,"1. Secure your feet on the handles of a suspension kit. | 2. Extend your body into a push-up position with your arms straight, shoulders back, and abs tight. | 3. Take a breath and tuck your knees, bringing them close to your elbows. Breathe out. | 4. Slowly extend your knees as you breathe in."
Jackknife Sit Up,None,Abdominals,None,assets/media/exercises/ex_0176_video.mp4,assets/media/exercises/ex_0176_thumbnail.jpg,"1. Lie flat on the floor with your legs straight and arms at your sides. Your heels, legs, butt, upper back, head, and arms should be in contact with the floor. | 2. Engage your abs and raise your legs as you bend your knees. | 3. Simultaneously lift your torso, bringing your arms toward your lower body. Exhale. | 4. Extend your body back to the starting position and breathe in on the way down."
JM Press (Barbell),Barbell,Triceps,"Chest, Shoulders",assets/media/exercises/ex_0177_video.mp4,assets/media/exercises/ex_0177_thumbnail.jpg,"1. Set the barbell at a height where you can reach it without fully extending your arms. | 2. Lie on the bench, reach up, grab the bar with a shoulder-width grip, and unrack it. | 3. Position the bar over your chest with your arms straight, just as you would during a standard bench press. | 4. Plant your feet on the floor, retract your shoulder blades, take a deep breath, and engage your abs. | 5. Slowly bend your elbows, lowering the barbell to your upper chest. | 6. Pause briefly and fully extend your arms as you exhale."
Jump Rope,Other,Cardio,None,None,assets/media/exercises/ex_0178_thumbnail.jpg,
Jump Shrug,Barbell,Full Body,None,assets/media/exercises/ex_0179_video.mp4,assets/media/exercises/ex_0179_thumbnail.jpg,"1. Grab a barbell with an overhand grip (palms facing back) and stand tall. Your hands should be just outside your thighs. | 2. Bring your shoulders back and engage your abs. | 3. Lean your torso forward slightly by hinging at the hip. | 4. Take a breath, bend your knees slightly, and press through your heels to jump. | 5. Immediately shrug your shoulders as high as possible and exhale."
Jump Squat,None,Quadriceps,"Hamstrings, Glutes, Calves",assets/media/exercises/ex_0180_video.mp4,assets/media/exercises/ex_0180_thumbnail.jpg,"1. Stand tall with your feet shoulder-width apart and toes pointing slightly out. | 2. Bring your shoulders back, engage your abs, and position your hands in front of your torso. | 3. Take a breath and descend halfway into a squat. | 4. Press through your heels to move up and immediately jump as high as possible, swinging your arms to your sides and behind your body as you exhale. | 5. Take another breath as you land and descend into another squat."
Jumping Jack,None,Full Body,None,assets/media/exercises/ex_0181_video.mp4,assets/media/exercises/ex_0181_thumbnail.jpg,"1. Stand tall with your arms to your sides, legs straight, and feet together. | 2. Engage your abs and take a breath. | 3. Hop and bring your feet out as you extend your arms to your sides and over your head. | 4. Jump again and bring your feet together and arms to your sides. Exhale. | 5. Keep repeating rhythmically, hopping just a couple of inches off the floor, and breathing regularly."
Jumping Lunge,None,Quadriceps,"Hamstrings, Glutes, Calves",assets/media/exercises/ex_0182_video.mp4,assets/media/exercises/ex_0182_thumbnail.jpg,"1. Stand tall with your feet a few inches apart, arms to your sides, and shoulders back. | 2. Engage your abs and take a breath. | 3. Jump vertically and immediately bring your right leg forward and your left leg back. | 4. As you land on your front foot and the ball of your left foot, immediately sink into a lunge. | 5. Descend until your front thigh is almost parallel to the floor. | 6. Press through your front heels to move up and immediately jump. Exhale as you start moving up. | 7. Switch leg positions while in the air, breathe in, and sink into another lunge. | 8. Keep jumping and switching leg positions, doing a lunge in between."
Kettlebell Around the World,Kettlebell,Shoulders,"Traps, Chest, Abdominals",assets/media/exercises/ex_0183_video.mp4,assets/media/exercises/ex_0183_thumbnail.jpg,"1. Hold a kettlebell in your right hand and stand tall with your feet hip-width apart and shoulders back. | 2. Engage your abs and breathe in. | 3. Move the kettlebell to the left in front of your body and switch hands, grabbing the weight with your left hand. | 4. Continue the rotation by moving the kettlebell back and around your body. | 5. As the kettlebell gets to your buttocks, reach back with your right hand and grab it, continuing the rotation in the same direction. | 6. Continue switching hands as the kettlebell rotates around your waist and breathe steadily. Maintain a consistent tempo and keep your abs tense. | 7. Once finished rotating the weight in one direction, do the same number of reps in the opposite direction."
Kettlebell Clean,Kettlebell,Full Body,None,assets/media/exercises/ex_0184_video.mp4,assets/media/exercises/ex_0184_thumbnail.jpg,"1. Position the kettlebell on the floor. | 2. Stand in front of the weight with your feet hip-width apart. | 3. Bend your knees and lean your torso forward, grabbing the kettlebell with your right hand. | 4. Engage your abs and take a breath. | 5. Press through your heels to straighten your knees as you simultaneously pull the weight in a straight vertical line close to your body. | 6. As the kettlebell reaches hip level, drive your hips forward and thrust the weight up. | 7. Bend your arm and have the kettlebell land on your shoulder, lying against the top of your forearm and biceps. Exhale. | 8. Lower the weight to the floor and breathe in on the way down or before initiating the next rep.. | 9. Once finished, grab the kettlebell with your left hand and do the same number of reps."
Kettlebell Curl,Kettlebell,Biceps,None,assets/media/exercises/ex_0185_video.mp4,assets/media/exercises/ex_0185_thumbnail.jpg,"1. Grab a pair of kettlebells and position them to your sides with your arms straight and palms facing forward. | 2. Bring your shoulders back and engage your abs. | 3. Take a breath and curl the kettlebells, bending your arms until your wrists are slightly higher than your elbows. Breathe out at the top. | 4. Slowly extend your arms, breathing in as you lower them. | 5. Repeat."
Kettlebell Goblet Squat,Kettlebell,Quadriceps,"Glutes, Hamstrings",assets/media/exercises/ex_0186_video.mp4,assets/media/exercises/ex_0186_thumbnail.jpg,"1. Grab a kettlebell by the horns––both sides of the handle with palms facing one another. | 2. Lift the weight in front of your chest with your elbows bent. | 3. Bring your shoulders back and position your feet in a comfortable stance with your toes pointing slightly out. | 4. Take a breath and engage your abs. | 5. Descend by bending your knees and maintaining an upright torso as you move down. | 6. Squat until your thighs are parallel to the floor and your elbows are between your thighs. | 7. Hold the bottom position for a moment. | 8. Push through your heels to move up, keeping the kettlebell close to your body. | 9. Exhale as you straighten your legs."
Kettlebell Halo,Kettlebell,Shoulders,"Traps, Upper Back",assets/media/exercises/ex_0187_video.mp4,assets/media/exercises/ex_0187_thumbnail.jpg,"1. Grab a kettlebell by the horns with your wrists neutral and thumbs facing forward. | 2. Stand up and turn the kettlebell bottoms up with your palms now facing your body and your elbows bent at roughly 90 degrees. | 3. Assume a comfortable stance, bring your chest out, and engage your abs. | 4. Breathe in and pull the kettlebell back and around the right side of your head. This will cause your left forearm to travel over your head. | 5. As the kettlebell moves behind your head, continue the rotation by raising your right forearm above your head. | 6. Complete the rep by bringing the kettlebell to the starting position in front of your chest. Exhale. | 7. Breathe in and rotate the kettlebell around your head, this time in the opposite direction."
Kettlebell High Pull,Kettlebell,Full Body,Traps,assets/media/exercises/ex_0188_video.mp4,assets/media/exercises/ex_0188_thumbnail.jpg,"1. Position a kettlebell on the floor. | 2. Spread your feet wider than shoulder-width apart, with your toes pointing out. | 3. Bend your knees and grab the kettlebell handle with both hands. Keep your back neutral. | 4. Take a breath and press through your heels to extend your arms. | 5. As the kettlebell reaches hip level, use the momentum and pull the weight vertically into an upright row, exhaling at the top. | 6. Slowly extend your arms and bend your knees and hips to set the weight on the floor, inhaling on the way down or before initiating the next rep."
Kettlebell Shoulder Press,Kettlebell,Shoulders,Triceps,assets/media/exercises/ex_0189_video.mp4,assets/media/exercises/ex_0189_thumbnail.jpg,"1. Grab a kettlebell and lift it to shoulder level. Keep your elbow bent and the weight positioned against the top of your forearm and bicep. | 2. Bring your shoulders back, engage your abs, and have your feet in a comfortable position. | 3. Take a breath and press the weight straight up, fully extending your arm and exhaling. | 4. Slowly lower it to your side as you breathe in. | 5. Repeat. | 6. Once finished, grab the kettlebell with your opposite hand, performing the same number of reps."
Kettlebell Snatch,Kettlebell,Full Body,None,assets/media/exercises/ex_0190_video.mp4,assets/media/exercises/ex_0190_thumbnail.jpg,"1. Position a kettlebell in front of your body. | 2. Have your feet shoulder-width apart, with your toes pointing slightly out. | 3. Bend your knees and lean forward to grab the kettlebell. | 4. Stand tall and hold the weight in front of your body. | 5. Bring your shoulders back, engage your abs, and breathe in. | 6. Hinge at the hips as you bring the kettlebell back and between your legs. | 7. Extend your knees and hips to generate momentum and raise the weight forward and up, lifting it overhead in one smooth motion. | 8. Fully straighten your arm as you lift the kettlebell overhead and exhale. | 9. Lower the kettlebell in a straight line as you breathe in. | 10. Repeat. | 11. Once finished, do the same number of reps with your opposite arm."
Kettlebell Swing,Kettlebell,Full Body,None,assets/media/exercises/ex_0191_video.mp4,assets/media/exercises/ex_0191_thumbnail.jpg,"1. Grab a kettlebell by its handle with your wrists neutral (palms facing one another). | 2. Stand tall and have the weight in front of your hips. Your feet should be shoulder-width apart or slightly wider. | 3. Bring your shoulders back, engage your abs, and take a breath. | 4. Hinge at the hip, bringing your buttocks back. The kettlebell should end up between your thighs. | 5. Extend your hips forcefully, thrusting the kettlebell in front of your body until it ends up at shoulder height, and exhale. | 6. Lower the kettlebell and immediately hinge at the hips again for the weight to end up between your thighs."
Kettlebell Turkish Get Up,Kettlebell,Full Body,None,assets/media/exercises/ex_0192_video.mp4,assets/media/exercises/ex_0192_thumbnail.jpg,"1. Lie on the floor with your right knee bent and your right foot flat on the ground. Have your left leg straight. | 2. Hold a kettlebell in your right hand and keep your wrist, elbow, and shoulder in vertical alignment. | 3. Move your left arm to the side with the hand flat on the floor. | 4. Engage your abs, take a breath, and raise your torso off the floor. Keep your right arm straight and the kettlebell over your shoulder joint. Push yourself with your left arm until your torso is vertical and you're seated. | 5. With the kettlebell still over your right shoulder and left hand supporting you, bend your left leg and place the knee on the floor, raising yourself. | 6. Raise your torso higher and remove your left hand from the floor. | 7. Square your hips to create a solid lunge position, take another breath, and lift your left knee, stepping on the left foot. | 8. Get up to the standing position by extending your knees and hips. Keep the kettlebell over your shoulder, and don’t bend your elbow. | 9. Reverse the motion by lunging back, lifting your left foot off the floor, landing on your left knee, and rotating the left leg behind your body. | 10. Place your left hand on the floor, extend your left leg in front of you, and get into the seated position without extending the right knee. | 11. Bend your left arm to lower your torso and lie on your back and into the starting position."
Knee Raise Parallel Bars,Machine,Abdominals,None,assets/media/exercises/ex_0193_video.mp4,assets/media/exercises/ex_0193_thumbnail.jpg,"1. Position yourself inside a captain’s chair with your feet on a platform or steps, back against the pad, and forearms flat on the pair of padded parallel bars. | 2. Bring your shoulders back and contract your abs. | 3. Step off the platform or steps and support yourself with your upper body musculature. Keep your shoulders in position and avoid slumping. | 4. Take a breath and engage your abs to raise your knees as high as possible in one fluid motion. Breathe out at the top. | 5. Lower your knees to the starting position, extending them on the way down, and stop before your lower back begins to arch. Breathe in on the way down."
Kneeling Pulldown (band),Machine,Lats,"Upper Back, Biceps, Forearms",assets/media/exercises/ex_0194_video.mp4,assets/media/exercises/ex_0194_thumbnail.jpg,"1. Attach a resistance band overhead. | 2. Grab both resistance band handles, step back, and kneel. | 3. Lean your torso forward in the direction of the resistance band anchor point. | 4. Bring your shoulders back and take a breath. | 5. Pull the band to your shoulders while keeping your elbows tucked in and in line with your torso. Exhale. | 6. Extend your arms slowly as you breathe in."
Kneeling Push Up,None,Chest,"Triceps, Shoulders",assets/media/exercises/ex_0195_video.mp4,assets/media/exercises/ex_0195_thumbnail.jpg,1. Get down on your hands and knees. | 2. Lean forward and position your hands in a comfortable stance. | 3. Engage your abs and take a breath. | 4. Descend by bending your elbows. | 5. Move down until your face is an inch from the floor and pause. | 6. Press yourself back to the top and exhale.
L-Sit Hold,None,Abdominals,Triceps,assets/media/exercises/ex_0196_video.mp4,assets/media/exercises/ex_0196_thumbnail.jpg,1. Position yourself on a captain’s chair or parallel dip bars. | 2. Grab the handles evenly and straighten your arms. | 3. Suspend yourself in the air and engage your abs. | 4. Take a breath and raise your legs until they are parallel to the floor. | 5. Hold the position for 15 to 60 seconds and release.
Landmine 180,Barbell,Abdominals,"Shoulders, Chest, Upper Back, Traps, Biceps, Forearms",assets/media/exercises/ex_0197_video.mp4,assets/media/exercises/ex_0197_thumbnail.jpg,"1. Secure one end of a barbell on a landmine attachment and put a weight plate on the other. | 2. Grab the barbell sleeve with your palms supporting the bottom end. | 3. Stand tall and position the barbell to your right with your arms straight and abs flexed. | 4. Take a breath and raise the barbell to your face by bending your elbows. | 5. Immediately lower the weight to your left, extending your arms. Exhale. | 6. Take another breath and lift the barbell in the opposite direction."
Landmine Row,Barbell,Upper Back,"Lats, Biceps, Forearms",assets/media/exercises/ex_0198_video.mp4,assets/media/exercises/ex_0198_thumbnail.jpg,"1. Secure one end of a barbell to a landmine attachment. | 2. Add the appropriate amount of weight to the other side of the bar. | 3. Take a V-handle and position it underneath the barbell. | 4. Grab the handle with both hands, placing it securely against the end of the barbell shaft (just before the sleeve begins). | 5. Bend your knees, retract your shoulder blades, and squeeze your abs. | 6. Lift the barbell a couple of inches off the floor and take another breath. | 7. Row the bar to your upper stomach and pause briefly as you exhale. | 8. Lower the barbell by extending your arms and breathe in. Don’t rest the bar on the floor."
Landmine Squat and Press,Barbell,Full Body,None,assets/media/exercises/ex_0199_video.mp4,assets/media/exercises/ex_0199_thumbnail.jpg,"1. Anchor one end of a barbell on a landmine and add a weight plate on the other. | 2. Reach down and grab the free barbell end with both hands. | 3. Straighten your body and have your hands together and in front of your chest. | 4. Position your feet in a comfortable stance for squats. | 5. Engage your abs, take a breath, and descend into a squat. | 6. Go down until your thighs are parallel to the floor, and press through your heels to move back up. | 7. As you straighten your legs, immediately press the bar overhead and exhale at the top. | 8. Slowly lower the bar to your chest, inhale, and squat."
Lat Pulldown (Band),Resistance Band,Lats,"Upper Back, Biceps, Forearms",assets/media/exercises/ex_0200_video.mp4,assets/media/exercises/ex_0200_thumbnail.jpg,"1. Anchor a resistance band overhead - for example, on a pull-up bar. | 2. Grab both ends of the resistance band, straighten your arms, step back to lengthen the band, and sit on a plyo box or gym bench. You can also kneel. | 3. Lean slightly in the direction of the band anchor point. | 4. Take a breath and pull the band to your upper chest, squeezing your lats at the bottom and breathing out. | 5. Extend your arms slowly and breathe in."
Lat Pulldown (Machine),Machine,Lats,"Upper Back, Biceps, Forearms",assets/media/exercises/ex_0201_video.mp4,assets/media/exercises/ex_0201_thumbnail.jpg,"1. Select the appropriate load. | 2. Adjust the thigh pad. Your legs should fit snugly. | 3. Stand up and grab the handles with an even overhand grip (palms facing forward). | 4. Keep your arms straight and sit down, securing your legs under the pad. | 5. Bring your shoulders back and take a breath. | 6. Pull the handles down, tucking your elbows and bringing them in line with your torso. Breathe out. | 7. Extend your arms slowly and breathe in."
Lat Pulldown - Close Grip (Cable),Machine,Lats,"Upper Back, Biceps, Forearms",assets/media/exercises/ex_0202_video.mp4,assets/media/exercises/ex_0202_thumbnail.jpg,"1. Attach a V handle to a lat pulldown machine. | 2. Select the appropriate load. | 3. Adjust the thigh pad for your legs to fit snugly underneath. | 4. Grab the V handle with a neutral grip (palms facing one another), sit down, and position your thighs underneath the pad. | 5. Bring your shoulders back and lean your torso slightly back. | 6. Inhale and pull the V handle to your chest, squeezing your back muscles and exhaling. | 7. Slowly extend your arms as you breathe in."
Lateral Band Walks,Resistance Band,Glutes,Abductors,assets/media/exercises/ex_0203_video.mp4,assets/media/exercises/ex_0203_thumbnail.jpg,"1. Wrap a looped resistance band around your ankles or thighs, just above the knees. | 2. Lean your torso forward a bit and bend your knees slightly. | 3. Engage your abs and take a breath. | 4. Take a lateral step to the right and exhale. | 5. Inhale again and take another step in the same direction. | 6. Once finished walking in one direction, take the same number of steps to the left, breathing steadily as you do."
Lateral Box Jump,Other,Quadriceps,"Hamstrings, Glutes, Calves",assets/media/exercises/ex_0204_video.mp4,assets/media/exercises/ex_0204_thumbnail.jpg,"1. Stand sideways to a plyometric box or flat gym bench. | 2. Have your feet close, arms to your sides, and your body straight. | 3. Take a breath, descend into a quarter squat, and swing your arms back. | 4. Press through your heels to extend your legs and drive your arms forward, jumping laterally and up. Breathe out. | 5. Land on the elevated platform and carefully get down on the opposite side as you breathe in. | 6. Jump laterally in the opposite direction. | 7. Keep alternating."
Lateral Leg Raises,None,Glutes,Abductors,assets/media/exercises/ex_0205_video.mp4,assets/media/exercises/ex_0205_thumbnail.jpg,"1. Stand tall with your feet together, legs straight, and shoulders back. | 2. Grab onto something for balance––for example, a squat rack or chair. | 3. Engage your abs and take a breath. | 4. Raise your right leg laterally as high as possible in one fluid motion and exhale. | 5. Lower your leg to the starting position and breathe in. | 6. Once finished, do the same number of reps with the opposite leg."
Lateral Lunge,None,Quadriceps,"Hamstrings, Glutes, Abductors",assets/media/exercises/ex_0206_video.mp4,assets/media/exercises/ex_0206_thumbnail.jpg,"1. Stand tall with your feet a few inches apart and your toes pointing slightly out. | 2. Bring your shoulders back, engage your abs, and position your hands in front of your chest. | 3. Take a breath and bring your left leg to the side, planting the foot flat on the floor. | 4. Immediately sink into a lunge by bending the knee. Keep your opposite leg straight and your foot on the ground. | 5. Descend until your left thigh is almost parallel to the floor and hold for a moment. | 6. Press through your left heel to extend your knee and bring your leg to the starting position as you exhale. | 7. Inhale again as you bring your right leg out, performing the same movement. | 8. Keep alternating."
Lateral Raise (Band),Resistance Band,Shoulders,None,assets/media/exercises/ex_0207_video.mp4,assets/media/exercises/ex_0207_thumbnail.jpg,"1. Take an open-ended resistance band with handles on both ends. | 2. Step over the middle of the band and hold the handles to your sides. | 3. Bring your shoulders back, engage your abs, and lean your torso slightly forward. Your hands should be in front of your hips. | 4. Raise your arms to your sides in one fluid motion. Go up until your shoulders, elbows, and wrists align, exhaling at the top. | 5. Lower your arms to the starting position as you breathe in."
Lateral Raise (Cable),Machine,Shoulders,None,assets/media/exercises/ex_0208_video.mp4,assets/media/exercises/ex_0208_thumbnail.jpg,"1. Set the pulleys of a double cable machine in the lowest position and attach handles. | 2. Select the appropriate weight on both stacks. | 3. Walk to the left and grab the handle with your right hand. | 4. Walk to the right and grab the other handle with your left hand. | 5. Stand in the middle with your arms straight and your hands in front of your hips. | 6. Engage your abs, retract your shoulder blades, and breathe in. | 7. Raise both arms to your sides in one fluid motion, going up until your shoulders, elbows, and wrists align. Exhale at the top. | 8. Lower your arms as you breathe in."
Lateral Raise (Machine),Machine,Shoulders,None,assets/media/exercises/ex_0209_video.mp4,assets/media/exercises/ex_0209_thumbnail.jpg,"1. Select the appropriate load and adjust the seat’s height. | 2. Sit down and bring your shoulders back and into the back support. | 3. Grab the handles on your sides and position your forearms flat against the pads. | 4. Take a breath and bring your arms to your sides smoothly, going up until your elbows are at shoulder level. Breathe out. | 5. Lower your arms to your sides and breathe in."
Lateral Squat,None,Quadriceps,"Hamstrings, Glutes, Abductors",assets/media/exercises/ex_0210_video.mp4,assets/media/exercises/ex_0210_thumbnail.jpg,"1. Stand with your feet hip-width apart, and point your toes slightly out. | 2. Raise your arms in front of your body for balance. | 3. Breathe in, bring your left leg out several inches, plant your foot, and squat. | 4. Go down as low as your strength and mobility allow. | 5. Hold for a moment and forcefully push through your heels to bring yourself to the top as you exhale. | 6. Breathe in, bring your right leg out, plant your foot, and squat. | 7. Keep alternating."
Leg Press Horizontal (Machine),Machine,Quadriceps,"Hamstrings, Glutes",assets/media/exercises/ex_0211_video.mp4,assets/media/exercises/ex_0211_thumbnail.jpg,"1. Select the appropriate load and sit down. | 2. Place your feet flat on the platform at a comfortable width. | 3. Bring your shoulders back, engage your abs, and grab the handles by your sides. | 4. Take a breath and press the platform forward until you straighten your legs. Exhale. | 5. Bend your legs slowly as you breathe in."
Leg Raise Parallel Bars,Machine,Abdominals,None,assets/media/exercises/ex_0212_video.mp4,assets/media/exercises/ex_0212_thumbnail.jpg,"1. Position yourself on a captain’s chair. Have your forearms flat against the horizontal pads and grab the handles for support. | 2. Bring your feet together and engage your abs to position your lower back against the back support. | 3. Take a breath and raise your legs in one fluid motion, going as high as possible. Exhale at the top. | 4. Slowly lower your legs to the starting position and keep the tension on your abs. Breathe in on the way down, and don’t let your lower back arch."
Low Cable Fly Crossovers,Machine,Chest,None,assets/media/exercises/ex_0213_video.mp4,assets/media/exercises/ex_0213_thumbnail.jpg,"1. Select the appropriate load. | 2. Set the pulleys in the lowest position and attach handles. | 3. Grab both handles one at a time and stand in the middle with your arms to your sides. | 4. Stagger your stance, bring your shoulders back, and squeeze your abs. | 5. Take a breath and bring your arms up and in, tapping the handles lightly as you squeeze your chest and breathe out. | 6. Slowly bring your arms to your sides as you breathe in."
Low Row (Suspension),Suspension,Upper Back,"Lats, Biceps, Forearms",assets/media/exercises/ex_0214_video.mp4,assets/media/exercises/ex_0214_thumbnail.jpg,"1. Grab the handles of a suspension kit and extend your arms in front of your body. | 2. Step forward a bit to lean your body at a comfortable angle. | 3. Bring your shoulders back, engage your abs, and squeeze your glutes. | 4. Take a breath and pull yourself up, squeezing your back muscles at the top and exhaling. | 5. Slowly extend your arms and breathe in."
Lunge,None,Quadriceps,"Hamstrings, Glutes",assets/media/exercises/ex_0215_video.mp4,assets/media/exercises/ex_0215_thumbnail.jpg,"1. Stand tall with your shoulders back, hands on your hips, and gaze directed forward. | 2. Take a breath and engage your abs. | 3. Lunge forward, bringing your right leg in front of your body, and plant the foot on the floor. | 4. Immediately descend by bending your knee and going down until your back knee taps the floor. | 5. Press through your front heel to stand up and exhale. | 6. Bring your back foot forward, plant it on the floor, and lunge again."
Lunge (Barbell),Barbell,Quadriceps,"Hamstrings, Glutes",assets/media/exercises/ex_0216_video.mp4,assets/media/exercises/ex_0216_thumbnail.jpg,"1. Position a barbell on your upper back and grab it for support. | 2. Have your feet hip-width apart with your toes pointing slightly out. | 3. Take a breath, lunge forward, and plant your foot flat on the floor. | 4. Immediately sink into a lunge while keeping your torso stable and upright. | 5. Descend until your back knee is an inch or two from the floor. | 6. Press through your front heel to extend your knee and bring the leg to the starting position as you exhale. | 7. Take another breath and lunge forward, extending the opposite leg. | 8. Keep alternating."
Lunge (Dumbbell),Dumbbell,Quadriceps,"Hamstrings, Glutes",assets/media/exercises/ex_0217_video.mp4,assets/media/exercises/ex_0217_thumbnail.jpg,"1. Grab a pair of dumbbells, hold them to your sides, and stand tall. | 2. Bring your shoulders back, engage your abs, and have your feet in a comfortable stance. | 3. Take a breath and lunge forward, plating one foot in front of your body. | 4. Immediately sink into a lunge and descend until your front thigh is almost parallel to the floor. Your back knee should be an inch or two from the floor. | 5. Press through your front heel to extend your leg and bring it back to the starting position as you exhale. | 6. Take another breath and lunge again, bringing your opposite leg forward. | 7. Keep alternating."
Lying Knee Raise,None,Abdominals,None,assets/media/exercises/ex_0218_video.mp4,assets/media/exercises/ex_0218_thumbnail.jpg,"1. Lie on the floor with your feet together, arms to your sides, and your body straight. | 2. Engage your abs and lift your feet an inch or two from the floor. Your lower back should be in contact with the floor. | 3. Take a breath and lift your legs, bending your knees at a 90-degree angle. Breathe out. | 4. Slowly lower your legs to the starting position as you straighten your knees. Breathe in and keep your feet off the floor."
Lying Leg Raise,None,Abdominals,None,assets/media/exercises/ex_0219_video.mp4,assets/media/exercises/ex_0219_thumbnail.jpg,"1. Lie on the floor with your legs straight, arms to your sides, and palms flat on the floor. | 2. Engage your abs, take a breath, and bring your legs together. | 3. Lift your legs in the air until your heels point at the ceiling. Breathe out. | 4. Lower your legs slowly without resting your feet on the floor and breathe in. Maintain slight roundness in your lower back throughout each repetition."
Lying Neck Curls,None,Neck,None,assets/media/exercises/ex_0220_video.mp4,assets/media/exercises/ex_0220_thumbnail.jpg,1. Lie face up on a flat gym bench with your head over the edge. | 2. Breathe in and lower your head to a comfortable level. | 3. Flex the muscles on the front of your neck to perform a repetition as you exhale. | 4. Lower your head again as you breathe in.
Lying Neck Curls (Weighted),Plate,Neck,None,assets/media/exercises/ex_0221_video.mp4,assets/media/exercises/ex_0221_thumbnail.jpg,1. Grab a weight plate and lie face up on a flat gym bench with your head over the edge. | 2. Position the weight plate against your forehead and hold it with both hands. | 3. Breathe in and lower your head to a comfortable level. | 4. Flex the muscles on the front of your neck to raise your head as you exhale.
Lying Neck Extension,None,Neck,None,assets/media/exercises/ex_0222_video.mp4,assets/media/exercises/ex_0222_thumbnail.jpg,"1. Lie face down on a flat gym bench with your head over the edge. | 2. Grab the back support for balance or place your hands on the ground. | 3. Inhale and extend your neck back in one fluid motion. Exhale. | 4. Lower your head as you breathe in, and repeat."
Lying Neck Extension (Weighted),Plate,Neck,None,assets/media/exercises/ex_0223_video.mp4,assets/media/exercises/ex_0223_thumbnail.jpg,1. Grab a weight plate and lie face down on a flat gym bench with your head over the edge. | 2. Position the weight behind your head and hold it with both hands. | 3. Inhale and lower your head until you feel a stretch at the back of your neck. | 4. Extend your neck in one fluid motion to lift your head and exhale.
Meadows Rows (Barbell),Barbell,Upper Back,"Lats, Biceps, Forearms",assets/media/exercises/ex_0224_video.mp4,assets/media/exercises/ex_0224_thumbnail.jpg,"1. Set a barbell on a landmine attachment or place one end of the bar at a wall angle to serve as an anchor point. | 2. Load the opposite side of the barbell with some weight. | 3. Stand perpendicular to the loaded side of the bar (one side facing it). | 4. Assume a staggered stance, bend forward, and grab the barbell sleeve with the hand closer to the bar. | 5. Raise your torso enough for the loaded side of the barbell to lift an inch or two off the floor while your arm is straight. | 6. Bring your shoulders back, take a breath, and pull the bar up and close to your side, squeezing your lat. Pull the weight until your elbow is at a 90-degree angle and the barbell sleeve is at torso level as you exhale. | 7. Extend your arm slowly, breathing in on the way down. Don’t protract your shoulder (roll it forward) as you reach the bottom of each rep. | 8. Once finished training one side, turn your body 180 degrees and do the same number of reps with your opposite arm."
Mountain Climber,None,Full Body,None,assets/media/exercises/ex_0225_video.mp4,assets/media/exercises/ex_0225_thumbnail.jpg,1. Get down on all fours. Have your hands and knees flat on the floor. | 2. Straighten your leg to support your lower body on your toes. | 3. Engage your abs and lift your buttocks several inches toward the ceiling. | 4. Take a breath and tuck your right knee to your chest in one fluid motion. Exhale. | 5. Extend the right leg as you breathe in. | 6. Tuck your left knee to your chest and exhale. | 7. Keep alternating and maintain a steady tempo from start to finish.
Muscle Up,Machine,Full Body,None,assets/media/exercises/ex_0226_video.mp4,assets/media/exercises/ex_0226_thumbnail.jpg,"1. Stand underneath a pull-up bar, reach up, jump, and grab it with a double overhand grip (palms facing forward). | 2. As you grab the bar, engage your abs, have your shoulder blades back, and keep your hips slightly flexed, legs straight, and feet together. | 3. As your body beings to swing back, pull yourself up as powerfully as possible, aiming to bring your body back and around the pull-up bar. The momentum should carry you high enough for your chest to end up slightly above the bar. | 4. Perform a straight bar dip to extend your elbows, exhaling near the top. | 5. Lower yourself by bending your elbows and moving your body down from the bar. | 6. Swing back and forth to create momentum and begin the next repetition just as your body starts swinging back."
Negative Pull Up,None,Lats,"Upper Back, Biceps, Forearms",assets/media/exercises/ex_0227_video.mp4,assets/media/exercises/ex_0227_thumbnail.jpg,"1. Place a stool, gym bench, or plyo box underneath a pull-up bar. | 2. Step on the object and grab the pull-up bar with an overhand grip (palms facing forward). Your elbows should be bent at roughly 90 degrees. | 3. Take a deep breath and engage your abs. | 4. Step off the object to suspend yourself in the air and slowly extend your arms against the force of gravity. | 5. Once done, step on the sturdy object again and repeat."
Nordic Hamstrings Curls,None,Hamstrings,Glutes,assets/media/exercises/ex_0228_video.mp4,assets/media/exercises/ex_0228_thumbnail.jpg,"1. Get down on your knees and secure your feet underneath a loaded barbell or another sturdy object. | 2. Bring your shoulders back, engage your abs, and squeeze your glutes. | 3. You can have your arms to your sides or position your hands in front of your torso for support. | 4. Take a breath and lower your torso to the floor by slowly extending your knees. Keep your hips stable and your glutes engaged. | 5. Lower yourself as much as your strength allows and engage your posterior muscles to lift your torso to an upright position. Exhale near the top."
Oblique Crunch,None,Abdominals,None,assets/media/exercises/ex_0229_video.mp4,assets/media/exercises/ex_0229_thumbnail.jpg,"1. Lie on your right side, bend your knees, and stack your legs. | 2. Place your left hand behind your head. | 3. Take a breath and engage your top obliques to crunch your torso, lifting your right shoulder off the floor. Breathe out. | 4. Lower your shoulder to the floor as you breathe in. | 5. Repeat. | 6. Once finished, lie on your left side and repeat for the same number of reps."
One Arm Push Up,None,Chest,"Shoulders, Triceps",assets/media/exercises/ex_0230_video.mp4,assets/media/exercises/ex_0230_thumbnail.jpg,"1. Get down on all fours. | 2. Extend your legs and support your lower body on your toes. Spread your feet wider than hip-width distance. | 3. Have your hands shoulder-width apart or slightly wider. | 4. Engage your abs. | 5. With your body tense and in position, lift one hand off the floor and bring it back behind your back. | 6. Take a breath and lower yourself by bending your supporting arm. Go down as much as you can––ideally, until your chest is a couple of inches from the floor. | 7. Extend your arm to get back to the starting position and exhale. | 8. Once finished on one side, support your body on your other hand and do the same number of reps."
Overhead Curl (Cable),Machine,Biceps,None,assets/media/exercises/ex_0231_video.mp4,assets/media/exercises/ex_0231_thumbnail.jpg,"1. Set the pulleys of a double cable machine in the highest position. | 2. Select the appropriate weight on both stacks and attach handles to the pulleys. | 3. Grab the two handles and stand in the middle of the cable machine with your arms straight and to your sides. | 4. Bring your shoulders back and engage your abs. | 5. Simultaneously bend your arms, bringing the handles to the sides of your head as you breathe out. | 6. Slowly extend your arms as you inhale."
Overhead Dumbbell Lunge,Dumbbell,Quadriceps,"Hamstrings, Glutes, Shoulders, Triceps, Upper Back",assets/media/exercises/ex_0232_video.mp4,assets/media/exercises/ex_0232_thumbnail.jpg,"1. Grab a pair of dumbbells and stand tall. | 2. Raise the weights overhead and straighten your arms. | 3. Bring your shoulders back, engage your abs, and take a breath. | 4. Extend your right leg forward, planting your foot on the floor. | 5. Descend into a lunge until your front thigh is almost parallel to the floor. | 6. Press through your front heel to extend your knee and bring your leg to the starting position as you exhale. | 7. Take another breath and extend the opposite leg forward. | 8. Alternate between left and right until you’re done."
Overhead Plate Raise,Plate,Shoulders,Traps,assets/media/exercises/ex_0233_video.mp4,assets/media/exercises/ex_0233_thumbnail.jpg,"1. Put your middle and ring fingers through the center hole of a weight plate and curl them against the plate. Have your thumb, index finger, and pinky pressed firmly on the other side. | 2. Grab a second weight plate in the same way with your other hand. | 3. Stand tall, extend your arms, and have the weight plates at your sides with your wrists neutral (palms facing your body). | 4. Bring your chest out, engage your abs, and breathe in. | 5. Raise the plates to your sides and overhead in a smooth arc motion with your knuckles facing one another at the top. Exhale. | 6. Slowly lower the plates to your sides in the same arc motion, breathing in on the way down. | 7. Repeat."
Overhead Press (Barbell),Barbell,Shoulders,"Triceps, Abdominals",assets/media/exercises/ex_0234_video.mp4,assets/media/exercises/ex_0234_thumbnail.jpg,"1. Position the barbell at collarbone height on a rack or stand. | 2. Grab the bar with an overhand grip (palms facing down), keeping your hands roughly shoulder-width apart. | 3. Tuck yourself underneath the bar, retract your shoulders, engage your abs, and take a breath. | 4. Unrack the barbell and take a couple of steps back. | 5. Have your feet hip-width apart and the barbell at upper chest level. | 6. Take another breath and press the bar in a straight vertical line, moving your head slightly back. | 7. Press until your arms are straight and exhale. | 8. Lower the bar in the same straight line until it ends up at neck level. Breathe in on the way down. | 9. Once finished, move forward and carefully rack the barbell."
Overhead Press (Dumbbell),Dumbbell,Shoulders,Triceps,assets/media/exercises/ex_0235_video.mp4,assets/media/exercises/ex_0235_thumbnail.jpg,"1. Grab a pair of dumbbells and stand tall. | 2. Bring your shoulders back, engage your abs, and squeeze your glutes. | 3. Take a breath and lift the dumbbells to your sides. Bend your elbows at 90 degrees. | 4. Inhale again and press the weights up and in, tapping them lightly at the top. Breathe out. | 5. Lower the dumbbells to your sides and breathe in. | 6. Stop when your elbows are slightly lower than your shoulders and initiate the next rep."
Overhead Press (Smith Machine),Machine,Shoulders,Triceps,assets/media/exercises/ex_0236_video.mp4,assets/media/exercises/ex_0236_thumbnail.jpg,"1. Position the Smith machine bar at collarbone height and add weight plates. | 2. Stand in front of the bar and grab it with an even overhand grip. Your hands should be shoulder-width apart. | 3. Bring your shoulders back, engage your abs, and take a breath. | 4. Unrack the bar. | 5. Take another breath and press the bar overhead, exhaling at the top. | 6. Slowly lower the bar, breathing in on the way down."
Overhead Squat,Barbell,Full Body,None,assets/media/exercises/ex_0237_video.mp4,assets/media/exercises/ex_0237_thumbnail.jpg,"1. Grab a barbell with a double overhand grip. Use a wider grip, but not to the point of shoulder discomfort. | 2. Raise the barbell overhead and straighten your arms. | 3. Bring your shoulders back, engage your abs, and position your feet in a comfortable stance for squatting. | 4. Take a breath and descend. | 5. Keep your heels in contact with the floor and move down until your thighs are parallel to the floor. | 6. Pause for a moment and press through your heels to drive yourself up. | 7. Extend your knees and hips fully, exhaling near the top and keeping the barbell directly overhead."
Overhead Triceps Extension (Cable),Machine,Triceps,None,assets/media/exercises/ex_0238_video.mp4,assets/media/exercises/ex_0238_thumbnail.jpg,"1. Set the pulley at mid-thigh height, attach a rope, and select the correct load. | 2. Grab both ends of the rope with an overhand grip (palms facing your body). | 3. In one motion, turn away from the machine and dip slightly to raise the rope over your shoulders, positioning it behind your head. Your elbows should be bent and to the sides of your head. | 4. With your chest out, lean forward slightly, bring one foot forward for balance, and brace your abs. | 5. Breathe in and extend your elbows, spreading the rope at the top. Exhale. | 6. Slowly bend your elbows as you breathe in."
Partial Glute Bridge (Barbell),Barbell,Glutes,"Hamstrings, Adductors",assets/media/exercises/ex_0239_video.mp4,assets/media/exercises/ex_0239_thumbnail.jpg,"1. Sit down with a loaded barbell over your hips and your upper back positioned against the edge of a flat gym bench. | 2. Grab the bar evenly for support and plant your feet flat on the floor with toes pointing slightly out. | 3. Brace your abs, breathe in, and press your hips against the barbell. | 4. Push through your heels and engage your glutes to raise the bar and your hips toward the ceiling. | 5. Pause when your hips align with your upper body. Squeeze your glutes at the top and exhale. | 6. Slowly lower your buttocks several inches as you breathe in. Keep your abs tense and stop when you notice that your knees begin to move back toward your hips. | 7. Extend your hips again and exhale. | 8. Do the required number of reps in this partial range of motion and lower your buttocks to the floor."
Pause Squat (Barbell),Barbell,Quadriceps,"Glutes, Hamstrings",assets/media/exercises/ex_0240_video.mp4,assets/media/exercises/ex_0240_thumbnail.jpg,"1. Set the barbell at collarbone height and add the appropriate amount of weight to it. | 2. Place both hands evenly on the bar and grab it. | 3. Tuck your head underneath and position your trapezius against the bar. | 4. Engage your entire body and extend your knees to unrack the bar. | 5. Take a couple of careful steps back, assume a comfortable squatting stance, take a deep breath, and engage your abs. | 6. Squat to a comfortable depth and pause for two to three seconds. | 7. Press through your heels to return to the top as you exhale."
Pendlay Row (Barbell),Barbell,Upper Back,"Lats, Biceps, Forearms",assets/media/exercises/ex_0241_video.mp4,assets/media/exercises/ex_0241_thumbnail.jpg,1. Stand in front of a barbell with your feet in a comfortable stance and your toes pointing slightly out. | 2. Lean forward and grab the bar with a double overhand grip. | 3. Bring your shoulders back to straighten your back. Your shoulders should be slightly in front of the barbell and higher than your hips. | 4. Take a breath and row the barbell to your chest as you exhale. | 5. Lower the barbell slowly and rest it on the floor as you breathe in. | 6. Row the barbell from a dead stop.
Pendulum Squat (Machine),Machine,Quadriceps,"Glutes, Hamstrings",assets/media/exercises/ex_0242_video.mp4,assets/media/exercises/ex_0242_thumbnail.jpg,"1. Load the appropriate amount of weight plates. | 2. Position yourself inside the machine, stepping on the platform with your upper back against the pads. | 3. Have your feet in a comfortable squatting stance with your toes pointing slightly out. | 4. Grab the handles at the sides of your head (or before you). | 5. Retract your shoulder blades, engage your abs, and take a deep breath. | 6. Fully extend your knees to lift the weight and use the handles to unrack it. | 7. Squat slowly until your knees form a 90-degree angle, and pause briefly. | 8. Press through your heels to return to the top position as you exhale."
Pike Pushup,None,Shoulders,"Triceps, Chest",assets/media/exercises/ex_0243_video.mp4,assets/media/exercises/ex_0243_thumbnail.jpg,"1. Get down on all fours. Have your knees and hands on the floor. | 2. Straighten your legs and support your lower body on your toes. | 3. Bring your buttocks back toward the ceiling to fold your body for the starting position. | 4. Keep your shoulders back to maintain a neutral spine. | 5. Take a breath and lower your body to the floor by bending your elbows. | 6. Go down until your forehead is close to the floor, and press yourself back to the top as you exhale."
Pinwheel Curl (Dumbbell),Dumbbell,Biceps,Forearms,assets/media/exercises/ex_0244_video.mp4,assets/media/exercises/ex_0244_thumbnail.jpg,"1. Grab a pair of dumbbells and stand tall with your shoulders back and chest out. | 2. Position both dumbbells slightly in front of your thighs with your palms facing in and back. | 3. Take a breath and curl one dumbbell in toward your chest until it comes slightly higher than your elbow. Breathe out. | 4. Lower the dumbbell to the starting position, fully extending your arm. Breathe in on the way down. | 5. Repeat with your other arm. | 6. Keep alternating."
Pistol Squat,None,Quadriceps,"Hamstrings, Glutes",assets/media/exercises/ex_0245_video.mp4,assets/media/exercises/ex_0245_thumbnail.jpg,"1. Stand tall with your arms extended forward, feet flat on the floor, shoulders back, and abs engaged. | 2. Lift your left foot a few inches off the floor and take a breath. | 3. Descend into a squat by bending your right knee. Allow your left leg to travel in front of your body. | 4. Go down as low as possible––ideally, until your thigh is parallel to the floor. | 5. Press through your right heel and move back to the top as you exhale. | 6. Once finished training one side, plant your left foot on the floor, and do the same number of reps."
Plank,None,Abdominals,None,assets/media/exercises/ex_0246_video.mp4,assets/media/exercises/ex_0246_thumbnail.jpg,"1. Get down on the floor. | 2. Extend your body. Support your lower body on your toes and your upper body on your forearms. | 3. Keep your shoulders neutral and abs engaged. | 4. Hold the position for as long as possible, breathing steadily as you do."
Plank Pushup,None,Chest,"Shoulders, Triceps, Abdominals",assets/media/exercises/ex_0247_video.mp4,assets/media/exercises/ex_0247_thumbnail.jpg,"1. Get down on all fours. | 2. Extend your legs and support your lower body on your toes. | 3. Place your forearms flat on the floor with your elbows underneath your shoulders. | 4. Engage your abs and take a breath. | 5. Extend your arms one at a time by placing your hands flat on the floor and pushing yourself up, exhaling as you extend both arms. | 6. Reverse the motion by placing your forearms flat on the floor as you breathe in. | 7. Keep alternating between the two positions."
Plate Curl,Plate,Biceps,Forearms,assets/media/exercises/ex_0248_video.mp4,assets/media/exercises/ex_0248_thumbnail.jpg,1. Grab the sides of a weight plate and position it in front of your hips. | 2. Bring your shoulders back and engage your abs. | 3. Take a breath and curl the plate until your wrists are slightly higher than your elbows. Exhale at the top. | 4. Slowly extend your arms as you breathe in.
Plate Front Raise,Plate,Shoulders,None,assets/media/exercises/ex_0249_video.mp4,assets/media/exercises/ex_0249_thumbnail.jpg,"1. Grab a weight plate and position your hands on the sides with your arms straight. | 2. Bring your shoulders back, have your feet in a comfortable stance, look forward, and take a breath. | 3. Engage your abs and lift the plate in front of your body while keeping your arms straight. Breathe out. | 4. Slowly lower the plate to your hips as you breathe in."
Plate Press,Plate,Chest,"Shoulders, Triceps",assets/media/exercises/ex_0250_video.mp4,assets/media/exercises/ex_0250_thumbnail.jpg,"1. Grab a weight plate by its sides and lift it in front of your chest. | 2. Have your feet in a comfortable stance, engage your abs, and retract your shoulder blades. | 3. Take a breath and press the plate forward, fully extending your arms and exhaling. | 4. Slowly bend your arms, bringing the plate to your chest as you breathe in."
Plate Squeeze (Svend Press),Plate,Chest,"Shoulders, Triceps",assets/media/exercises/ex_0251_video.mp4,assets/media/exercises/ex_0251_thumbnail.jpg,"1. Grab a weight plate and stand tall. | 2. Squeeze the plate flat between your hands and lift it to your chest. | 3. Bring your shoulders back, engage your abs, and have your feet in a comfortable position. | 4. Take a breath and press the plate forward until your arms are straight. Exhale. | 5. Slowly bring the plate to your chest as you breathe in."
Power Clean,Barbell,Full Body,None,assets/media/exercises/ex_0252_video.mp4,assets/media/exercises/ex_0252_thumbnail.jpg,"1. Stand in front of a loaded barbell with your feet underneath it and shins a couple of inches away. | 2. Bend down and grab the barbell with an even, overhand grip. | 3. Bring your chest out as much as possible. Your hips should be slightly higher than your knees in this position. | 4. Initiate the first pull by deadlifting the barbell off the floor as you press your heels into the ground. Make the initial pull powerful. | 5. Once the barbell travels above your knees, keep driving your hips forward as you begin pulling the weight in a straight vertical line. The sequence should happen in one smooth motion. | 6. As the barbell travels up, squat, catch it, and have it land over your shoulders and upper chest. | 7. As the barbell lands in a front rack position, squat up to the top, straightening your knees fully. Breathe out at the top. | 8. Lower the barbell to the floor while keeping your back neutral."
Power Snatch,Barbell,Full Body,None,assets/media/exercises/ex_0253_video.mp4,assets/media/exercises/ex_0253_thumbnail.jpg,"1. Stand in front of a loaded barbell. | 2. Position your feet underneath the bar with your shins a couple of inches away. | 3. Lean forward and grab the bar with a double overhand grip. Use a wide grip, but not to the point of shoulder discomfort. | 4. Lower your hips to position your shins against the barbell and bring your chest out to straighten your back. | 5. Take a breath and engage your abs. | 6. Pull the bar in a straight line, keeping it close to your shins. | 7. As soon as the bar passes your knees, initiate the second, more aggressive pull and simultaneously extend your hips. | 8. With the bar traveling in a straight vertical line, engage your upper body to continue pulling the bar to chest level. | 9. As soon as the bar is high enough, bend your knees to tuck under the weight and receive it in an overhead position with your arms straight. | 10. Complete the repetition by extending your legs and exhaling. | 11. Slowly lower the barbell to the floor while keeping it close to your body."
Preacher Curl (Barbell),Barbell,Biceps,None,assets/media/exercises/ex_0254_video.mp4,assets/media/exercises/ex_0254_thumbnail.jpg,"1. Load the bar and adjust the seat height of the preacher bench. You should be able to place your upper arms on the pad and maintain an upright torso. | 2. Position yourself over the machine, grab the bar with an even underhand grip (palms facing the ceiling), lift the bar, and sit down. | 3. Bring your shoulders back, engage your abs, and breathe in. | 4. Lower the bar until your arms are almost straight. | 5. Lift the bar until your forearms are almost upright, and breathe out. | 6. Extend your arms slowly as you breathe in."
Preacher Curl (Dumbbell),Dumbbell,Biceps,None,assets/media/exercises/ex_0255_video.mp4,assets/media/exercises/ex_0255_thumbnail.jpg,"1. Set the height of the preacher bench seat. You should be able to comfortably place the back of your upper arms against the pad. | 2. Grab a pair of dumbbells and sit down. | 3. Place your arms on the pad, bend your elbows, and have your wrists facing your body. | 4. Engage your abs and take a breath. | 5. Lower the dumbbells until your arms are straight. | 6. Curl the weights to the top position, stopping when your forearms are almost upright. Breathe out."
Preacher Curl (Machine),Machine,Biceps,None,assets/media/exercises/ex_0256_video.mp4,assets/media/exercises/ex_0256_thumbnail.jpg,"1. Select the appropriate load. | 2. Adjust the seat’s height. You should be able to put your triceps against the pad while seated. | 3. Sit down, extend your arms, and grab the handles. | 4. Engage your abs and take a breath. | 5. Bend your arms to lift the weight until your forearms are almost upright. Exhale at the top. | 6. Slowly extend your arms as you breathe in."
Pull Up,Machine,Lats,"Upper Back, Biceps, Forearms",assets/media/exercises/ex_0257_video.mp4,assets/media/exercises/ex_0257_thumbnail.jpg,"1. Stand underneath a pull-up bar. | 2. Reach up and grab the bar with an even, overhand grip (palms facing forward). Have your hands slightly wider than shoulder level apart. | 3. Bring your shoulders back and engage your abs. | 4. Bend your knees to lift your feet off the floor and hang from the bar. | 5. Take a breath and pull yourself up by bending your elbows. | 6. Move up as much as possible––ideally, until your chin is over the pull-up bar. Exhale. | 7. Lower yourself slowly by extending your elbows and breathe in on the way down."
Pull Up (Assisted),Machine,Lats,"Upper Back, Biceps, Forearms",assets/media/exercises/ex_0258_video.mp4,assets/media/exercises/ex_0258_thumbnail.jpg,"1. Select the appropriate load on the pull-up machine. | 2. Grab the pull-up bar with an overhand grip (palms facing forward). | 3. Place your knees on the padded platform. | 4. Bring your shoulders back, engage your abs, and take a breath. | 5. Pull yourself up until your chin is slightly over the bar and exhale. | 6. Lower yourself and fully straighten your arms as you breathe in."
Pull Up (Band),Resistance Band,Lats,"Upper Back, Biceps, Forearms",assets/media/exercises/ex_0259_video.mp4,assets/media/exercises/ex_0259_thumbnail.jpg,"1. Wrap a looped resistance band on a pull-up bar and let it hang. | 2. Put your feet on the band loop one at a time as you grab the pull-up bar with an overhand grip. Your hands should be slightly more than shoulder-width apart. | 3. With your body suspended, bring your shoulders back and take a breath. | 4. Pull yourself up and bring your chin over the bar as you breathe out. | 5. Pause at the top for a moment and slowly lower yourself, extending your arms fully. Breathe in as you move down."
Pull Up (Weighted),Machine,Lats,"Upper Back, Biceps, Forearms",assets/media/exercises/ex_0260_video.mp4,assets/media/exercises/ex_0260_thumbnail.jpg,"1. Attach a weight plate to yourself with a weight belt. | 2. Reach up and grab the pull-up bar with an even overhand grip. | 3. Bring your shoulders back, engage your abs, and take a breath. | 4. Pull yourself up in one fluid motion and exhale at the top. | 5. Lower yourself slowly and breathe in, keeping your feet off the floor."
Pullover (Dumbbell),Dumbbell,Lats,"Chest, Upper Back, Triceps",assets/media/exercises/ex_0261_video.mp4,assets/media/exercises/ex_0261_thumbnail.jpg,"1. Pick a dumbbell and set it on the floor next to a gym bench. | 2. Position your upper back against the flat gym bench. | 3. Bend your knees and have your feet flat on the floor. | 4. Reach down and grab the dumbbell. | 5. Position the weight over your torso with your hands flat against the top weight plate. | 6. Bring your shoulders back, engage your abs, and inhale. | 7. Lower the dumbbell behind your head while keeping your arms straight. | 8. Hold for a moment and pull the dumbbell over to the starting position as you exhale."
Pullover (Machine),Machine,Lats,"Upper Back, Chest, Triceps",assets/media/exercises/ex_0262_video.mp4,assets/media/exercises/ex_0262_thumbnail.jpg,"1. Add the appropriate load to the machine and adjust the seat height. | 2. Sit down and place your lower triceps and elbows on the pads, with your hands grasping the handles for additional support. | 3. Breathe in, engage your abs, and pull the weight down until your elbows are at your sides. Exhale. | 4. Raise your arms to the starting overhead position as you breathe in."
Push Press,Barbell,Shoulders,"Triceps, Quadriceps",assets/media/exercises/ex_0263_video.mp4,assets/media/exercises/ex_0263_thumbnail.jpg,"1. Have the barbell in a front rack position: your hands outside shoulder-width level with a full grip on the bar as it sits atop your shoulders. | 2. Position your feet at roughly hip-width level with your toes pointed slightly out. | 3. Take a deep breath and initiate the dip phase by bending your knees and hips as you keep your torso upright. | 4. As you dip a few inches, change the direction by pushing through your heels to extend your knees and hips. | 5. Use your lower body’s momentum to push through your torso and lift the bar off your shoulders. | 6. Immediately push through your elbows to extend the bar overhead, exhaling at the top. | 7. Slowly lower the barbell to the initial position, resting atop your shoulders as you breathe in."
Push Up,None,Chest,"Triceps, Shoulders",assets/media/exercises/ex_0264_video.mp4,assets/media/exercises/ex_0264_thumbnail.jpg,"1. Get down on all fours. | 2. Extend your body into a push-up position. Have your hands flat on the floor, fingertips rotated slightly out, and shoulder blades retracted. | 3. Have your legs straight and your toes supporting your lower body. Your ankles, knees, hips, and shoulders should be in a straight line. | 4. Take a breath and lower yourself by bending your elbows. | 5. Descend as low as possible––ideally, until your face is an inch or two from the floor. | 6. Hold the bottom position for a moment and press yourself back to the top as you exhale."
Push Up (Weighted),None,Chest,"Triceps, Shoulders",assets/media/exercises/ex_0265_video.mp4,assets/media/exercises/ex_0265_thumbnail.jpg,"1. Get down on your knees and hands. | 2. Straighten your legs and have your feet at a hip-width distance. | 3. Position your hands slightly wider than shoulder-level apart, and keep your elbows tucked. | 4. Engage your abs to ensure a neutral spine position. | 5. Have someone place a weight plate on your mid-back. | 6. Take a breath and lower yourself by bending your elbows. | 7. Go down as much as your strength allows––ideally until your torso is a couple of inches from the floor. | 8. Press yourself to the top, extending your elbows and exhaling. | 9. Take another breath and repeat."
Push Up - Close Grip,None,Chest,"Triceps, Shoulders",assets/media/exercises/ex_0266_video.mp4,assets/media/exercises/ex_0266_thumbnail.jpg,"1. Get down on your hands and knees. | 2. Bring your hands close. | 3. Extend your body into a push-up position. Your shoulders, hips, knees, and ankles should be aligned. | 4. Bring your shoulders back and take a breath. | 5. Descend by bending your elbows. Lower yourself as much as possible. | 6. Hold the bottom position for a moment and press to bring yourself to the top as you exhale."
Rack Pull,Barbell,Upper Back,"Glutes, Hamstrings, Lower Back, Lats, Traps",assets/media/exercises/ex_0267_video.mp4,assets/media/exercises/ex_0267_thumbnail.jpg,1. Set the bar at mid-shin height. | 2. Stand in front of the bar and keep your shins an inch or two away. | 3. Lean forward and grab the bar with your hands just outside your thighs. | 4. Press your shins against the barbell and simultaneously push your knees slightly against your elbows. | 5. Bring your chest out and arch your upper back. | 6. Extend your hips as you engage your upper back and drag the barbell up against your shins and thighs. Breathe out at the top. | 7. Initiate the descent by bringing your hips back. Lower the bar in the same straight line. Inhale on the way down or before the next rep.
Rear Delt Reverse Fly (Cable),Machine,Shoulders,Upper Back,assets/media/exercises/ex_0268_video.mp4,assets/media/exercises/ex_0268_thumbnail.jpg,"1. Set the pulleys of a double cable machine in the highest position and attach handles. | 2. Select the appropriate weight and stand in the middle of the machine. | 3. With your left shoulder facing the pulley, grab the handle with your right hand. | 4. Walk to the pulley on your right and grab the handle with your left hand. | 5. Stand in the middle of the machine, engage your abs, and extend your arms in front of your body. | 6. Take a breath and spread your arms, squeezing your upper back muscles. Exhale. | 7. Slowly bring your arms to the starting position as you breathe in."
Rear Delt Reverse Fly (Dumbbell),Dumbbell,Shoulders,Upper Back,assets/media/exercises/ex_0269_video.mp4,assets/media/exercises/ex_0269_thumbnail.jpg,1. Grab a pair of light dumbbells and have your feet at a hip-width distance. | 2. Hinge at the hip to lean your torso forward and maintain a neutral spine. | 3. Extend your arms and have your wrists neutral (facing one another). | 4. Bring your shoulders back and take a breath. | 5. Raise both dumbbells to the sides by engaging your posterior deltoids. | 6. Lift until your elbows align with your shoulders and hold for a moment. Breathe out. | 7. Lower the dumbbells to the starting position and breathe in.
Rear Delt Reverse Fly (Machine),Machine,Shoulders,Upper Back,assets/media/exercises/ex_0270_video.mp4,assets/media/exercises/ex_0270_thumbnail.jpg,1. Select the appropriate load. | 2. Adjust the seat height. The handles should be at shoulder level when you're seated. | 3. Sit down and grab the handles with your palms facing down. | 4. Bring your shoulders back and take a breath. | 5. Extend your arms to your sides and back as you breathe out. | 6. Bring your arms to the starting position as you breathe in.
Rear Kick (Machine),Machine,Glutes,Hamstrings,assets/media/exercises/ex_0271_video.mp4,assets/media/exercises/ex_0271_thumbnail.jpg,"1. Add the correct load and stand inside the machine with your front facing the chest pad and handles. | 2. Position one shin against the bottom pad to create a more stable position and raise your opposite leg back with the foot flat against the footplate. | 3. Lean forward and position your stomach and chest against the pad. Grab the handles. | 4. Breathe in, engage your abs, and push the platform back and up in one smooth motion until your knee is fully extended. Exhale. | 5. Slowly bend your knee as you breathe in. Push again and exhale. | 6. Once finished training one side, switch leg positions and do the same number of reps."
Renegade Row (Dumbbell),Dumbbell,Upper Back,"Lats, Biceps, Forearms",assets/media/exercises/ex_0272_video.mp4,assets/media/exercises/ex_0272_thumbnail.jpg,1. Set a pair of hexagonal dumbbells parallel to one another and at a distance where you can grab them and perform push-ups. | 2. Get down and grab both dumbbells. Extend your legs to straighten your body and bring your chest out. Your arms and body should be straight. | 3. Space your feet apart for better balance. | 4. Shift your weight slightly to the left. | 5. Take a breath and row the right dumbbell until your elbow aligns with your torso. Exhale at the top. | 6. Lower the weight to the starting position and breathe in. | 7. Lean slightly to the right and row the left dumbbell. | 8. Continue alternating until you're finished.
Reverse Crunch,None,Abdominals,None,assets/media/exercises/ex_0273_video.mp4,assets/media/exercises/ex_0273_thumbnail.jpg,"1. Lie on the floor, place your arms at your sides, and have your hands flat. | 2. Bend your knees at a 90-degree angle and position them directly over your hips. | 3. Take a breath, engage your abs, and bring your knees to your upper torso in one fluid motion, lifting your buttocks off the floor. Exhale. | 4. Slowly bring your knees to the starting position and breathe in."
Reverse Curl (Barbell),Barbell,Biceps,Forearms,assets/media/exercises/ex_0274_video.mp4,assets/media/exercises/ex_0274_thumbnail.jpg,"1. Grab a barbell with an overhand grip (palms facing your body). | 2. Stand tall, have your feet in a comfortable stance, and retract your shoulder blades. | 3. Engage your abs and take a breath. | 4. Curl the barbell and bend your arms until your wrists are slightly higher than your elbows. Breathe out. | 5. Slowly extend your arms as you breathe in."
Reverse Curl (Cable),Machine,Biceps,Forearms,assets/media/exercises/ex_0275_video.mp4,assets/media/exercises/ex_0275_thumbnail.jpg,"1. Select the appropriate load, set the pulley to the lowest position, and attach a straight bar. | 2. Lean forward, grab the bar with an overhand grip (palms facing down), and stand up. | 3. Take a step back to lift the weight off its stack. | 4. Retract your shoulder blades and engage your abs. | 5. Curl the weight in one fluid motion until your wrists are slightly higher than your elbows and exhale. Keep your elbows at your side. | 6. Slowly extend your arms as you breathe in."
Reverse Curl (Dumbbell),Dumbbell,Biceps,Forearms,assets/media/exercises/ex_0276_video.mp4,assets/media/exercises/ex_0276_thumbnail.jpg,"1. Grab a pair of dumbbells and stand tall. | 2. Bring your arms in front of your body and have the dumbbells against your upper thighs. Your wrists should be pronated (palms facing your body). | 3. Retract your shoulder blades, engage your abs, and take a breath. | 4. Curl the dumbbells up until your wrists are slightly higher than your elbows, and breathe out. | 5. Slowly extend your arms as you breathe in."
Reverse Fly Single Arm (Cable),Machine,Shoulders,Upper Back,assets/media/exercises/ex_0277_video.mp4,assets/media/exercises/ex_0277_thumbnail.jpg,"1. Position a pulley at shoulder height and attach a handle. | 2. Select the appropriate load, grab the handle with your right hand, and take a diagonal step to the right and back to lift the weight from its stack. | 3. Bring your shoulders back, engage your abs, and breathe in. | 4. Extend your arm to your right side and back, squeezing your shoulder muscle and breathing out. | 5. Slowly bring your arm in front of your body as you breathe in. | 6. Repeat. | 7. Once finished, grab the handle with your left hand, take two steps to the left, and do the same number of reps."
Reverse Grip Concentration Curl,Dumbbell,Biceps,Forearms,assets/media/exercises/ex_0278_video.mp4,assets/media/exercises/ex_0278_thumbnail.jpg,"1. Grab a dumbbell and sit on the edge of a flat gym bench. | 2. Spread your legs and have your feet flat on the floor. | 3. Grab the dumbbell with your right hand and rotate the wrist in, having the palm facing in. | 4. Place your right elbow against your inner thigh. | 5. Take a breath and lift the dumbbell by bending your arm. | 6. Lift until your wrist is slightly higher than your elbow and breathe out. | 7. Extend your arm as you breathe in. | 8. Once finished, do the same number of reps for your other side."
Reverse Grip Lat Pulldown (Cable),Machine,Lats,"Upper Back, Biceps",assets/media/exercises/ex_0279_video.mp4,assets/media/exercises/ex_0279_thumbnail.jpg,1. Select the appropriate weight. | 2. Adjust the pad height so your legs fit snugly. | 3. Stand tall and grab the bar with an even underhand grip (palms facing back). | 4. Sit down and bring your shoulders back. | 5. Take a breath and pull the bar to your chest. Exhale immediately. | 6. Extend your arms as you breathe in.
Reverse Hyperextension,Machine,Glutes,"Hamstrings, Lower Back",assets/media/exercises/ex_0280_video.mp4,assets/media/exercises/ex_0280_thumbnail.jpg,"1. Add the appropriate weight to the machine. | 2. Adjust the foot pads to be against your Achilles heels when you lie on top of the machine. | 3. Position yourself on the machine with your hips on the edge of the pad and grab the handles for support. | 4. Secure your feet between the bottom pads. | 5. Bring your shoulders back and take a breath. | 6. Raise your legs up in one fluid motion until your body is straight, exhaling at the top. | 7. Slowly lower your legs to the starting position as you breathe in."
Reverse Lunge,None,Quadriceps,"Hamstrings, Glutes",assets/media/exercises/ex_0281_video.mp4,assets/media/exercises/ex_0281_thumbnail.jpg,"1. Stand tall with your shoulders back, abs tight, and hands on your hips. | 2. Have your feet in a comfortable stance with your toes pointing slightly out. | 3. Take a breath and bring the right leg back, landing on the ball of the right foot. Sink into a lunge by bending your front leg. A good stride length is when your front shin remains relatively vertical (knee over ankle) as you descend. | 4. Descend until your front thigh is almost parallel to the floor and your rear knee is an inch or two from the floor. | 5. Pause at the bottom and engage your front leg to bring yourself back to the top. | 6. Bring the right leg to the starting position and exhale. | 7. Take another breath as you lunge back with your left leg. | 8. Keep alternating."
Reverse Lunge (Barbell),Barbell,Quadriceps,"Hamstrings, Glutes",assets/media/exercises/ex_0282_video.mp4,assets/media/exercises/ex_0282_thumbnail.jpg,"1. Place a barbell on your back and hold it with both hands. | 2. Stand tall with your shoulders back, abs engaged, and feet in a comfortable stance. | 3. Take a breath and bring your right leg back, landing on the ball of the foot. | 4. Sink into a controlled lunge by bending your front leg. | 5. Descend until your front thigh is almost parallel to the floor and your rear knee is an inch or two from the floor. Your front shin should be relatively vertical as you move down. | 6. Pause at the bottom and push through your front heel to extend your leg, bringing yourself to the top. Exhale. | 7. Inhale again and lunge back with your left leg, landing on the ball of the foot. | 8. Keep alternating until you finish the set."
Reverse Lunge (Dumbbell),Dumbbell,Quadriceps,"Glutes, Hamstrings",assets/media/exercises/ex_0283_video.mp4,assets/media/exercises/ex_0283_thumbnail.jpg,"1. Grab a pair of dumbbells and stand tall. | 2. Have your feet in a comfortable stance, bring your shoulders back, and engage your abs. | 3. Take a breath and bring the right leg back, landing on the ball of the right foot. Immediately sink into a lunge by bending your front leg. | 4. Descend until your front thigh is almost parallel to the floor and your rear knee is an inch or two from the floor. A good stride length is when your front shin remains relatively vertical (knee over ankle) as you descend. | 5. Pause at the bottom and engage your front leg to bring yourself back to the top as you exhale. | 6. Take another breath and lunge back with your left leg, landing on the ball of your left foot. | 7. Keep alternating."
Reverse Plank,None,Abdominals,Triceps,assets/media/exercises/ex_0284_video.mp4,assets/media/exercises/ex_0284_thumbnail.jpg,"1. Sit on the floor with your legs straight and feet together. | 2. Extend your arms to your sides and behind your body. Keep your elbows straight, and place your palms flat on the floor. | 3. With your hands planted firmly, contract your glutes and extend your hips toward the ceiling as you simultaneously raise your torso. | 4. Have your head, neck, torso, and legs in a straight line. Keep your arms straight and look up. | 5. Keep your glutes and midsection engaged, breathe steadily, and hold the plank position. | 6. Once you’re done, drop your buttocks to the floor and take a break."
Ring Dips,None,Chest,"Shoulders, Triceps",assets/media/exercises/ex_0285_video.mp4,assets/media/exercises/ex_0285_thumbnail.jpg,"1. Adjust the height of the rings to be at roughly stomach level. | 2. Stand between the rings and grab them with both hands. | 3. Keep your arms straight and elbows close to your body. | 4. Bring your shoulders back, engage your abs, and squeeze your glutes. | 5. Take a breath and raise your feet off the floor one at a time. | 6. Once you're confident that you're stable enough, take another breath and bend your arms. | 7. Lower yourself gradually until your elbows are somewhat bent, and you feel a stretch in your chest. | 8. Press through your triceps and return to the top as you exhale. Avoid explosive movements because these can lead to instability."
Ring Pull Up,Other,Lats,"Upper Back, Biceps, Forearms",assets/media/exercises/ex_0286_video.mp4,assets/media/exercises/ex_0286_thumbnail.jpg,1. Secure a pair of rings and set them at pull-up bar height. | 2. Reach up and grab the rings with an overhand grip (palms facing forward). | 3. Bring your shoulders back and down and engage your abs. | 4. Bend your knees or bring your feet slightly forward to suspend yourself in the air. | 5. Breathe in and pull yourself up in one fluid motion. Exhale at the top. | 6. Slowly extend your arms as you breathe in.
Ring Push Up,Other,Chest,"Shoulders, Triceps",assets/media/exercises/ex_0287_video.mp4,assets/media/exercises/ex_0287_thumbnail.jpg,"1. Secure a pair of rings and set them just an inch or two above the ground. | 2. Get down on your knees and grab the rings. | 3. Bring your shoulders back and flex your triceps, chest, and abs for maximum stability. | 4. Extend your legs to assume a push-up position. Support your lower body on your toes. | 5. Flex your glutes for additional stability. | 6. Breathe in and slowly lower yourself to the ground while keeping your elbows close to your torso. | 7. Descend as much as your strength allows and push back to the top as you exhale. | 8. Breathe in and repeat."
Romanian Deadlift (Barbell),Barbell,Hamstrings,"Glutes, Lower Back, Upper Back, Lats",assets/media/exercises/ex_0288_video.mp4,assets/media/exercises/ex_0288_thumbnail.jpg,"1. Grab a barbell with a double overhand grip (palms facing back). Your hands should be shoulder-width apart. | 2. Stand tall, retract your shoulder blades, engage your abs, and have your feet in a comfortable stance. | 3. Take a breath and lean forward by bringing your buttocks back (hinging at the hip). Your back should be neutral from start to finish. | 4. Lower the bar in a straight vertical line, keeping it close to your body. You should feel a stretch in your hamstrings. | 5. Straighten your body by driving your hips forward and exhale near the top."
Romanian Deadlift (Dumbbell),Dumbbell,Hamstrings,"Glutes, Lower Back, Upper Back, Lats",assets/media/exercises/ex_0289_video.mp4,assets/media/exercises/ex_0289_thumbnail.jpg,"1. Grab a pair of dumbbells and stand tall. | 2. Position the weights in front of your hips with your palms facing your body. | 3. Bring your shoulders back, position your feet a few inches apart, and take a breath. | 4. Lean your torso forward by hinging at the hip. Your back should remain neutral, and you should feel a stretch in your posterior thigh muscles. | 5. Lower the dumbbells in a straight line until they are below knee level. | 6. Extend your hips forward and exhale."
Rope Cable Curl,Machine,Biceps,Forearms,assets/media/exercises/ex_0290_video.mp4,assets/media/exercises/ex_0290_thumbnail.jpg,"1. Set the pulley in the lowest position and attach a rope. | 2. Select the appropriate weight on the cable machine. | 3. Bend forward and grab both ends of the rope with a neutral grip (palms facing one another). | 4. Stand tall, bring your shoulders back, and step back to lift the weight from its stack. | 5. Take a breath and curl the cable by bending your elbows. | 6. Lift until your wrists are slightly higher than your elbows, and breathe out. | 7. Extend your arms slowly and breathe in."
Rope Straight Arm Pulldown,Machine,Lats,Triceps,assets/media/exercises/ex_0291_video.mp4,assets/media/exercises/ex_0291_thumbnail.jpg,"1. Select the appropriate load. | 2. Set the pulley to the highest position and attach a rope. | 3. Grab both ends of the rope with your hands neutral (facing one another) and straighten your arms. | 4. Take a step back, engage your abs, and retract your shoulders. | 5. Take a breath and pull the rope to your hips while keeping your arms straight. Breathe out. | 6. Slowly bring the rope to the top as you breathe in."
Rowing Machine,Machine,Cardio,None,assets/media/exercises/ex_0292_video.mp4,assets/media/exercises/ex_0292_thumbnail.jpg,"1. Select the appropriate resistance and sit down. | 2. Reach forward and grab the cable attachment. | 3. Bend your knees and place your feet flat on the footplates. | 4. With your arms straight, inhale and push yourself back by engaging your thigh muscles. | 5. As you move back, row the cable to your torso and exhale. | 6. Extend your arms and bend your knees simultaneously to bring yourself back to the starting position as you breathe in."
Running,None,Cardio,None,assets/media/exercises/ex_0293_video.mp4,assets/media/exercises/ex_0293_thumbnail.jpg,"1. Stand tall with your shoulders back. | 2. Move forward and aim for a midfoot strike: landing the middle of your foot on the ground. | 3. Keep your arms bent and hands relaxed. | 4. Move your arms in sync with your feet in a natural way. | 5. Land lightly on your feet, but avoid bouncing up and down as you move forward. | 6. Keep your torso upright, core engaged, and gaze directed a few feet in front of you. | 7. Maintain a steady breath, aiming to inhale through the nose and exhale through the mouth."
Russian Twist (Bodyweight),None,Abdominals,None,assets/media/exercises/ex_0294_video.mp4,assets/media/exercises/ex_0294_thumbnail.jpg,"1. Sit down on the floor. | 2. Bend your knees and have your feet flat on the ground. | 3. Bring your arms in front of your torso and lean back as you engage your abs. | 4. Take a breath and twist your torso to the right, holding for a moment and exhaling. | 5. Immediately rotate your torso to the starting position as you breathe in. | 6. Twist to the left and breathe out. | 7. Keep alternating."
Russian Twist (Weighted),Plate,Abdominals,None,assets/media/exercises/ex_0295_video.mp4,assets/media/exercises/ex_0295_thumbnail.jpg,"1. Grab a weight plate or dumbbell and sit on the floor. | 2. Bend your knees and plant your feet flat on the ground. You can secure your feet under a bench or have a friend hold them down. | 3. Grab the weight, position it in front of your torso, and extend your arms. | 4. Lean your torso slightly back and engage your abs. | 5. Take a breath and move the weight to the right, twisting your torso in that direction as you exhale. | 6. Bring the weight to the starting position as you breathe in. | 7. Twist to the left and exhale. | 8. Keep alternating."
Scapular Pull Ups,None,Upper Back,"Lats, Forearms",assets/media/exercises/ex_0296_video.mp4,assets/media/exercises/ex_0296_thumbnail.jpg,"1. Grab a pull-up bar with an even overhand grip (palms facing forward). | 2. Engage your abs and lift your feet off the floor to suspend yourself in the air. | 3. As you hang from the bar, keep your abs and glutes engaged to remain still and not swing back and forth. | 4. Take a breath and initiate the scapular pull-up by bringing your shoulders back and down. Keep your arms straight. Doing so will elevate your body slightly. | 5. Hold the retracted position for a second or two as you breathe out. | 6. Relax your body and allow your shoulders to move forward and up, breathing in as you do."
Seated Cable Row - Bar Grip,Machine,Upper Back,"Lats, Biceps, Forearms",assets/media/exercises/ex_0297_video.mp4,assets/media/exercises/ex_0297_thumbnail.jpg,1. Select the appropriate load and sit down. | 2. Reach ahead and grab the bar evenly. | 3. Sit back and position your feet on the footplates. | 4. Bring your shoulders back and engage your abs. | 5. Take a breath and pull the handle attachment to your upper stomach. Breathe out. | 6. Hold for a moment and extend your arms fully as you breathe in.
Seated Cable Row - Bar Wide Grip,Machine,Upper Back,"Lats, Traps, Biceps, Forearms",assets/media/exercises/ex_0298_video.mp4,assets/media/exercises/ex_0298_thumbnail.jpg,"1. Attach a curved bar to a seated cable row machine. | 2. Select the appropriate weight. | 3. Sit down, place your feet on the platform, and bend your knees slightly. | 4. Lean forward and grab the bar with a double overhand grip (palms facing down). | 5. Lean back to lift the weight from its stack, engage your abs, and retract your shoulder blades. | 6. Take a breath and row the bar to your stomach, squeezing your back and breathing out. | 7. Slowly extend your arms and breathe in."
Seated Calf Raise,Machine,Calves,None,assets/media/exercises/ex_0299_video.mp4,assets/media/exercises/ex_0299_thumbnail.jpg,"1. Load the machine, sit down, and adjust the pad. Your thighs should fit snugly, allowing you to unrack the weight by extending your ankles. | 2. Position your thighs against the pad and grab the handles firmly. | 3. Take a breath and unrack the weight by flexing your calves. | 4. Put the safety bar to the side and flex your ankles to lower the weight until you feel a stretch in your calves. | 5. Press through the balls of your feet and flex your calves, exhaling near the top."
Seated Chest Flys (Cable),Machine,Chest,None,assets/media/exercises/ex_0300_video.mp4,assets/media/exercises/ex_0300_thumbnail.jpg,"1. Select the same weight on both stacks of a double cable machine. | 2. Set both pulleys at the same height––roughly stomach level. | 3. Attach handles to both pulleys and position an upright bench facing away and in front of the cable machine. | 4. Grab the handles one by one, walk over to the gym bench, and sit down. | 5. Extend your arms in front of your body, retract your shoulder blades, inhale, and squeeze your abs. | 6. Slowly bring your arms to your sides until you feel a stretch in your chest muscles. | 7. Bring your hands together and flex your chest as you exhale."
Seated Dip Machine,Machine,Triceps,"Chest, Shoulders",assets/media/exercises/ex_0301_video.mp4,assets/media/exercises/ex_0301_thumbnail.jpg,"1. Select the appropriate load. | 2. Sit down and grab the handles to your sides. | 3. Plant your feet on the floor, bring your shoulders back, and engage your abs. | 4. Take a breath and press the handles down, fully extending your arms and exhaling. | 5. Bend your arms as you breathe in."
Seated Incline Curl (Dumbbell),Dumbbell,Biceps,None,assets/media/exercises/ex_0302_video.mp4,assets/media/exercises/ex_0302_thumbnail.jpg,"1. Adjust a gym bench at an incline of 65 to 75 degrees. | 2. Grab a pair of dumbbells and sit down. | 3. Have your arms to your sides with your palms facing one another. | 4. Bring your shoulders back, engage your abs, and take a breath. | 5. Curl both dumbbells, rotating your wrists out, and exhale. Lift the weights until your wrists are slightly higher than your elbows. Your palms should face the ceiling at the top position. | 6. Extend your arms slowly and breathe in."
Seated Lateral Raise (Dumbbell),Dumbbell,Shoulders,None,assets/media/exercises/ex_0303_video.mp4,assets/media/exercises/ex_0303_thumbnail.jpg,"1. Grab a pair of light dumbbells and sit at the edge of a flat gym bench. | 2. Hold a dumbbell in each hand, have your arms at your sides, and bring your palms to a neutral position (facing your body). | 3. Bring your shoulders back and engage your abs. | 4. Inhale and raise the dumbbells to your sides until they are at shoulder level. Breathe out. | 5. Slowly lower the weights to your sides as you breathe in."
Seated Overhead Press (Barbell),Barbell,Shoulders,Triceps,assets/media/exercises/ex_0304_video.mp4,assets/media/exercises/ex_0304_thumbnail.jpg,"1. Position an upright gym bench inside a squat rack. | 2. Place the barbell on the rack and sit on the bench. You should be able to reach and unrack the barbell while seated and with your arms slightly bent. | 3. Plant your feet on the floor. | 4. Reach up and grab the barbell with an even overhand grip (palms facing forward). Your hands should be roughly shoulder-width apart. | 5. Engage your abs, take a breath, and carefully unrack the bar. | 6. Bring the bar to your chest, lean back into the bench, and bring your chest out. | 7. Take another breath and press the bar overhead, exhaling as you reach the top. | 8. Lower the bar to collarbone level as you breathe in. Your elbows should be slightly lower than your shoulders at the bottom position. | 9. Press the barbell again. | 10. Once finished, carefully rack the bar."
Seated Overhead Press (Dumbbell),Dumbbell,Shoulders,Triceps,assets/media/exercises/ex_0305_video.mp4,assets/media/exercises/ex_0305_thumbnail.jpg,"1. Grab a pair of dumbbells and sit on a flat gym bench or plyo box. | 2. Place the weights on your thighs, bring your shoulders back, and engage your abs. | 3. In one motion, thrust the weights and position them to your sides. | 4. Take a breath and press the dumbbells overhead, tapping them at the top as you exhale. | 5. Slowly lower the dumbbells until your elbows are slightly lower than your shoulders, breathing in on the way down."
Seated Palms Up Wrist Curl,Dumbbell,Forearms,None,assets/media/exercises/ex_0306_video.mp4,assets/media/exercises/ex_0306_thumbnail.jpg,1. Grab a pair of light dumbbells and sit on a flat gym bench. | 2. Place your forearms on your thighs with your wrists just in front of your knees. | 3. Take a breath and lower the dumbbells by extending your wrists. | 4. Immediately lift the weights by flexing your forearm muscles. Hold the top position for a moment and exhale.
Seated Row (Machine),Machine,Upper Back,"Lats, Biceps, Forearms",assets/media/exercises/ex_0307_video.mp4,assets/media/exercises/ex_0307_thumbnail.jpg,1. Select the appropriate load. | 2. Sit down and grab the handles with a neutral grip (hands facing one another). | 3. Bring your shoulders back and engage your abs. | 4. Take a breath and pull the handles simultaneously. | 5. Squeeze your back as you breathe out. | 6. Extend your arms slowly and breathe in.
Seated Shoulder Press (Machine),Machine,Shoulders,Triceps,assets/media/exercises/ex_0308_video.mp4,assets/media/exercises/ex_0308_thumbnail.jpg,1. Select the appropriate load. | 2. Sit down and bring your shoulder blades into the back support. | 3. Plant your feet flat on the floor. | 4. Grab the handles to your sides and keep your palms facing forward. | 5. Take a breath and engage your abs. | 6. Press the weight straight up until your arms are fully extended. Breathe out at the top. | 7. Lower the weight to the starting position and breathe in.
Seated Triceps Press,Machine,Triceps,None,assets/media/exercises/ex_0309_video.mp4,assets/media/exercises/ex_0309_thumbnail.jpg,"1. Set the appropriate weight and sit down. | 2. Grab the handles at your sides with a comfortable grip. | 3. Bring your shoulders back, take a breath, and squeeze your abs. | 4. Push the handles down until your elbows lock out and breathe out. | 5. Slowly bend your arms as you breathe in."
Seated Wrist Extension (Barbell),Barbell,Forearms,None,assets/media/exercises/ex_0310_video.mp4,assets/media/exercises/ex_0310_thumbnail.jpg,1. Grab a loaded bar with an overhand grip (palms facing your body). | 2. Sit on the edge of a flat gym bench and plant your feet on the floor. | 3. Position your forearms on top of your thighs with your wrists in front of your knees. | 4. Take a breath and lower the barbell in front of your knees by flexing your wrists. | 5. Lift the bar by extending your wrists and exhale.
Shoulder Press (Machine Plates),Machine,Shoulders,Triceps,assets/media/exercises/ex_0311_video.mp4,assets/media/exercises/ex_0311_thumbnail.jpg,"1. Add the appropriate amount of weight to the machine, ensuring it’s equal on both sides. | 2. Adjust the seat height. Your elbows should be slightly lower than your shoulders as you grab the handles when you sit down. | 3. Sit down and grab the handles. | 4. Lean back and retract your shoulder blades. | 5. Take a deep breath and engage your abs. | 6. Press the weight up in one fluid motion and exhale at the top. | 7. Slowly lower the weight as you breathe in."
Shoulder Taps,None,Shoulders,"Chest, Triceps",assets/media/exercises/ex_0312_video.mp4,assets/media/exercises/ex_0312_thumbnail.jpg,1. Get down on your hands and knees. | 2. Extend your legs and support your lower body on your toes. | 3. Plant your hands flat on the floor at roughly shoulder-width distance. | 4. Engage your abs to straighten your body and retract your shoulder blades. | 5. Inhale and descend by bending your elbows. Go down as much as possible and press through your palms to move to the top. | 6. Immediately lift your left hand off the floor and tap your right shoulder as you exhale. | 7. Bring the hand to the floor and do another push-up as you breathe in on the way down. | 8. Lift your right hand to tap your left shoulder. | 9. Keep alternating.
Shrug (Barbell),Barbell,Traps,Neck,assets/media/exercises/ex_0313_video.mp4,assets/media/exercises/ex_0313_thumbnail.jpg,"1. Grab a barbell with an overhand grip (palms facing back). Your hands should be just outside your thighs. | 2. Straighten your arms, engage your abs, and retract your shoulder blades. | 3. Take a breath and shrug the barbell by elevating your shoulders, exhaling at the top. Imagine that you’re trying to touch your ears with your trapezius. | 4. Lower your shoulder blades as you breathe in."
Shrug (Cable),Machine,Traps,Neck,assets/media/exercises/ex_0314_video.mp4,assets/media/exercises/ex_0314_thumbnail.jpg,"1. Set the pulley to the lowest position and attach a straight bar. | 2. Select the appropriate weight. | 3. Lean forward and grab the straight bar with an overhand grip (palms facing your body). | 4. Stand up and step back to lift the weight off its stack. | 5. Bring your shoulders back, squeeze your glutes, and engage your abs. | 6. Take a breath and shrug, lifting your shoulder blades. Exhale at the top. | 7. Slowly lower your shoulder blades as you breathe in."
Shrug (Dumbbell),Dumbbell,Traps,Neck,assets/media/exercises/ex_0315_video.mp4,assets/media/exercises/ex_0315_thumbnail.jpg,"1. Grab a pair of dumbbells, stand tall, position your arms to your sides, and have your wrists neutral. | 2. Bring your shoulders back and engage your abs. | 3. Take a breath, shrug your shoulders as high as possible, and squeeze your trapezius muscle at the top. Keep your arms straight. | 4. Exhale at the top and lower your shoulder blades to the starting position as you breathe in."
Shrug (Machine),Machine,Traps,Neck,assets/media/exercises/ex_0316_video.mp4,assets/media/exercises/ex_0316_thumbnail.jpg,"1. Add the appropriate load to the machine. | 2. Stand between the handles, grab them, and stand tall. | 3. With your arms straight and at your sides, take a deep breath and engage your abs. | 4. Shrug your shoulders up in one fluid motion, exhaling at the top. Don’t bend your elbows. | 5. Lower your shoulder blades as you breathe in."
Shrug (Smith Machine),Machine,Traps,Neck,assets/media/exercises/ex_0317_video.mp4,assets/media/exercises/ex_0317_thumbnail.jpg,"1. Position the Smith machine bar at hip height and add weight. | 2. Face away from the bar and grab it with an overhand grip (palms facing back). | 3. Engage your abs and take a breath. | 4. Rotate the bar to unrack it. | 5. Shrug your shoulders as high as possible and squeeze your traps at the top as you breathe out. | 6. Lower your shoulder blades and breathe in. | 7. Once finished, rotate the bar to rack it on the Smith machine."
Side Bend,None,Abdominals,None,assets/media/exercises/ex_0318_video.mp4,assets/media/exercises/ex_0318_thumbnail.jpg,"1. Stand sideways on a back hyperextension machine. Your right upper thigh should be against the pad, and your feet should be secure. | 2. Engage your abs and place your hands behind your head. | 3. Take a breath and bend your torso to the right. | 4. Squeeze your obliques to bend your torso to the left and exhale. | 5. Once finished, rotate your body 180 degrees and do the same number of reps."
Side Bend (Dumbbell),Dumbbell,Abdominals,None,assets/media/exercises/ex_0319_video.mp4,assets/media/exercises/ex_0319_thumbnail.jpg,"1. Grab a dumbbell with your right hand and stand tall with your arm to your side. Place your left hand behind your head. | 2. Engage your abs and bring your shoulders back. | 3. Take a breath and crunch your torso to the left. Exhale. | 4. Extend your torso and breathe in. | 5. Crunch again. | 6. Once finished, grab the dumbbell with the opposite hand and do the same number of reps."
Side Plank,None,Abdominals,None,assets/media/exercises/ex_0320_video.mp4,assets/media/exercises/ex_0320_thumbnail.jpg,1. Lie on your left side. | 2. Place your left forearm on the floor for balance. | 3. Stack your legs and bring one foot over the other. | 4. Take a breath and engage your midsection to lift your hips off the floor. | 5. Hold the position for 30 to 60 seconds and relax. | 6. Turn to your other side and hold the same position.
Single Arm Cable Crossover,Machine,Chest,None,assets/media/exercises/ex_0321_video.mp4,assets/media/exercises/ex_0321_thumbnail.jpg,"1. Set the pulley at chest height and attach a handle. | 2. Select the appropriate load. | 3. Grab the handle, step away from the machine, and turn your side to it. The cable pulley should be to your side and slightly behind your body. | 4. Bring your shoulders back, breathe in, and engage your abs. | 5. With your arm slightly bent and to the side, bring the cable in front of your torso. Squeeze your chest and exhale. | 6. Slowly bring your arm to the side and breathe in. | 7. Once finished, grab the handle with your other hand, have the pulley at your side and slightly behind your body, and do the same number of reps."
Single Arm Cable Row,Machine,Upper Back,"Lats, Biceps, Forearms",assets/media/exercises/ex_0322_video.mp4,assets/media/exercises/ex_0322_thumbnail.jpg,"1. Set a cable pulley in a low position or at chest level and attach a handle. | 2. Select the appropriate load, grab the handle, and step back to lift the weight off its stack. | 3. Bring your shoulders back, stagger your stance, bend your knees slightly, engage your abs, and breathe in. | 4. Pull the handle to your side, aligning your elbow to your torso. Squeeze your back and hold the position for a moment and exhale. | 5. Slowly extend your arm and breathe in. | 6. Once you have finished training one side, grab the handle with your opposite hand and repeat for the same number of reps."
Single Arm Curl (Cable),Machine,Biceps,None,assets/media/exercises/ex_0323_video.mp4,assets/media/exercises/ex_0323_thumbnail.jpg,"1. Select the appropriate weight, set the pulley to the lowest position, and attach a handle. | 2. Grab the handle with your right hand and position the palm up. | 3. Take a step back, inhale, and squeeze your abs. | 4. Curl the weight and squeeze your bicep at the top momentarily as you exhale. | 5. Slowly extend your arm as you breathe in. | 6. Once finished, grab the handle with your left hand and repeat."
Single Arm Landmine Press (Barbell),Barbell,Shoulders,"Triceps, Chest",assets/media/exercises/ex_0324_video.mp4,assets/media/exercises/ex_0324_thumbnail.jpg,"1. Anchor one end of a barbell on a landmine attachment. | 2. Add a weight plate on the opposite barbell sleeve. | 3. Lean forward and grab the loaded side with both hands. | 4. Carefully lift the bar to chest level and stand tall. | 5. Bring your shoulders back, engage your abs, and raise your left arm to your side. | 6. Take a breath and press the bar forward and up until your arm is straight. Exhale at the top. | 7. Slowly lower the bar to your upper chest as you breathe in. | 8. Once finished training one side, grab the bar with your left hand and do the same number of reps."
Single Arm Lat Pulldown,Machine,Lats,"Upper Back, Biceps, Forearms",assets/media/exercises/ex_0325_video.mp4,assets/media/exercises/ex_0325_thumbnail.jpg,"1. Select the appropriate weight and attach a handle to the pulley. | 2. Adjust the knee pad to a height where your thighs fit snugly underneath. | 3. Stand tall, reach up, and grab the handle with one hand. | 4. Sit down and secure your thighs underneath the pad. | 5. With your arm straight, retract your shoulder blades, engage your midsection, and inhale. | 6. Pull the cable down and in until you feel a contraction on your back. Keep your elbow in line with your torso and close to your body. | 7. Hold for a moment as you exhale. | 8. Slowly extend your arm as you breathe in before the next rep. | 9. Once finished, stand tall, grab the handle with your other hand, and do the same number of reps."
Single Arm Lateral Raise (Cable),Machine,Shoulders,None,assets/media/exercises/ex_0326_video.mp4,assets/media/exercises/ex_0326_thumbnail.jpg,"1. Select the appropriate load, set the pulley to the lowest position, and attach a handle. | 2. Stand with your left side facing the cable attachment and grab the handle with your right hand. | 3. Take a lateral step away to lift the weight off its stack and maintain a slight bend in your right arm. | 4. Breathe in, engage your abs, and lift your arm to the side until the wrist and elbow align with your shoulder. Exhale at the top. | 5. Slowly lower your arm as you breathe in. | 6. Once finished training one side, turn your body 180 degrees, grab the handle with your left hand, and repeat."
Single Arm Tricep Extension (Dumbbell),Dumbbell,Triceps,None,assets/media/exercises/ex_0327_video.mp4,assets/media/exercises/ex_0327_thumbnail.jpg,"1. Grab a dumbbell and sit on a flat gym bench or chair. | 2. Lift the weight overhead and straighten your arm. | 3. Bring your shoulders back, engage your midsection, and inhale. | 4. Lower the dumbbell behind your head while keeping your elbow steady. | 5. Bend your arm until you feel a stretch in your tricep, and extend your elbow as you exhale. | 6. Once finished, grab the weight with your other hand, and do the same number of reps."
Single Arm Triceps Pushdown (Cable),Machine,Triceps,None,assets/media/exercises/ex_0328_video.mp4,assets/media/exercises/ex_0328_thumbnail.jpg,"1. Select the appropriate load, set the pulley to the highest position, and attach a rope. | 2. Grab the rope with your right hand, position your elbow to your side, and step back. | 3. Grab the cable machine's pillar with your left hand, take a deep breath, and engage your abs. | 4. Slowly extend your arm and flex your triceps as you exhale. | 5. Bend your arm as you breathe in. | 6. Once finished, grab the rope with your left hand and repeat."
Single Leg Extensions,Machine,Quadriceps,None,assets/media/exercises/ex_0329_video.mp4,assets/media/exercises/ex_0329_thumbnail.jpg,"1. Select the appropriate load on a leg extension machine. | 2. Set the pad to be just over your feet as you sit down. | 3. Adjust the back support to have your knees just in front of the edge of the seat. | 4. Sit down, position one leg against the pad, grab the handles to your sides, bring your shoulders back, and inhale. | 5. Extend your leg fully and exhale. | 6. Bend the leg as you inhale. | 7. Once finished training one side, position your opposite shin against the pad, and do the same number of reps."
Single Leg Glute Bridge,None,Glutes,"Hamstrings, Quadriceps",assets/media/exercises/ex_0330_video.mp4,assets/media/exercises/ex_0330_thumbnail.jpg,"1. Place an exercise mat and lie down with your arms to your sides and hands flat on the floor. | 2. Bend your knees and place your feet flat on the floor. | 3. Raise one leg in the air. | 4. Take a breath and press through the heel of your planted foot, engaging your posterior chain to drive your hips toward the ceiling. | 5. Extend your hips until they align with your knee and shoulders, and exhale at the top. | 6. Lower your buttocks to the floor, breathing in on the way down. | 7. Switch feet position and do the same number of reps for your opposite side."
Single Leg Hip Thrust,None,Glutes,"Hamstrings, Quadriceps",assets/media/exercises/ex_0331_video.mp4,assets/media/exercises/ex_0331_thumbnail.jpg,"1. Sit on the floor with your back against a flat gym bench. | 2. Bring your arms to your sides and place them flat on the gym bench. | 3. Bend your knees and have your feet flat on the floor. | 4. Lift one foot off the floor, take a breath, and engage your abs. | 5. Press through your other foot and extend your hips until they align with your torso. Breathe out. | 6. Lower your buttocks to the floor as you breathe in. | 7. Once finished, plant the opposite foot on the floor and do the same number of reps."
Single Leg Hip Thrust (Dumbbell),Dumbbell,Glutes,"Hamstrings, Quadriceps",assets/media/exercises/ex_0332_video.mp4,assets/media/exercises/ex_0332_thumbnail.jpg,"1. Place a dumbbell next to a flat gym bench. | 2. Sit on the floor, position your upper back against the bench's edge, grab the weight, and place it over your hips. | 3. Bend your right knee and plant the foot on the floor. Keep your left leg straight. | 4. Take a deep breath, engage your abs, and push through your right heel to drive your hips toward the ceiling. Hold the dumbbell with both hands for safety. | 5. Pause briefly at the top as you exhale. | 6. Lower your buttocks to the floor as you breathe in. | 7. Repeat. | 8. Once finished training your right side, plant your left foot on the floor and extend your right leg. Repeat for the same number of reps."
Single Leg Press (Machine),Machine,Quadriceps,"Glutes, Hamstrings",assets/media/exercises/ex_0333_video.mp4,assets/media/exercises/ex_0333_thumbnail.jpg,"1. Set the appropriate load on the machine and sit down. | 2. Place one foot flat on the platform and grab the handles to your sides. Keep your other foot on the floor. | 3. Engage your abs and take a breath. | 4. Extend your leg and remove the safety. | 5. Slowly bend your knee, bringing yourself close to the platform as you breathe in. | 6. Press through your heel and extend your leg as you exhale. | 7. Once finished training one leg, place the opposite foot on the platform and do the same number of reps."
Single Leg Romanian Deadlift (Barbell),Barbell,Hamstrings,"Glutes, Lower Back, Upper Back, Lats",assets/media/exercises/ex_0334_video.mp4,assets/media/exercises/ex_0334_thumbnail.jpg,"1. Grab a barbell with a double overhand grip (palms facing back). Your hands should be shoulder-width apart. | 2. Stand tall with your feet close, back straight, shoulders back, and abs engaged. | 3. Take a breath and lean forward by hinging at the hip. Simultaneously raise your right foot off the floor, bringing the right leg back for balance. | 4. Lean forward until you feel a stretch in your left hamstring. Lower the barbell in a straight line, keeping it close to your body. | 5. Straighten your body and bring your right leg forward as you exhale. | 6. Take another breath and repeat. | 7. Once finished training one side, do the same number of reps by raising your left foot and extending the leg back."
Single Leg Romanian Deadlift (Dumbbell),Dumbbell,Hamstrings,"Glutes, Lower Back",assets/media/exercises/ex_0335_video.mp4,assets/media/exercises/ex_0335_thumbnail.jpg,"1. Grab a dumbbell with your right hand and position it in front of your hip (upper thigh). | 2. Raise your right foot off the floor and support yourself on the left. | 3. Bring your shoulders back, engage your abs, and inhale. | 4. Slowly lean your torso forward by hinging at the hips. Allow your right leg to move behind your body for balance. | 5. Lean forward until you feel a stretch at the back of your left thigh. | 6. Straighten your body, squeeze your glutes, and exhale. | 7. Once finished, grab the weight with your left hand, plant your right foot on the floor, lift your left one in the air, and do the same number of reps."
Single Leg Standing Calf Raise,None,Calves,None,assets/media/exercises/ex_0336_video.mp4,assets/media/exercises/ex_0336_thumbnail.jpg,"1. Place the ball of your right foot on an elevated platform and grab onto something for balance. | 2. Bring your shoulders back, engage your abs, and straighten your right leg. | 3. Take a breath and lower your heel to the floor by flexing your ankle. | 4. Move down until you feel a stretch in your calve and press through your heel to extend your ankle. | 5. Squeeze your calf at the top and exhale. | 6. Once finished, place the ball of your opposite foot on the platform and do the same number of reps."
Single Leg Standing Calf Raise (Barbell),Barbell,Calves,None,assets/media/exercises/ex_0337_video.mp4,assets/media/exercises/ex_0337_thumbnail.jpg,"1. Place a loaded barbell on your back, similar to how you would for the squat. | 2. Position the ball of one foot on an elevated platform. Keep your other foot on the platform for balance. | 3. Bring your shoulders back, flex your abs, and take a breath. | 4. Extend your ankle, squeezing your calve muscle at the top. Breathe out. | 5. Flex your ankle to lower yourself to the starting position as you breathe in. | 6. Once finished, position the ball of your other foot on the platform and repeat for the same number of reps."
Single Leg Standing Calf Raise (Dumbbell),Dumbbell,Calves,None,assets/media/exercises/ex_0338_video.mp4,assets/media/exercises/ex_0338_thumbnail.jpg,"1. Hold a dumbbell in your left hand and place the ball of your right foot on an elevated platform. Keep your left foot in the air. | 2. Grab onto something for balance with your right hand. | 3. Engage your abs, take a breath, and straighten your right leg. | 4. Press through the ball of your foot to elevate yourself and squeeze your calf as you breathe out. | 5. Slowly lower your body by flexing your ankle and breathe in. You should feel a stretch in your calves. | 6. Repeat. | 7. Once finished, place the ball of your left foot on the platform and do the same number of reps."
Single Leg Standing Calf Raise (Machine),Machine,Calves,None,assets/media/exercises/ex_0339_video.mp4,assets/media/exercises/ex_0339_thumbnail.jpg,"1. Select the appropriate load on the machine. | 2. Place the ball of your right foot on the platform and position your shoulders against the pads. Keep your leg straight. | 3. Grab the handles for support, engage your abs, and take a breath. | 4. Push through the ball of your foot to extend your ankle and squeeze your calve muscle as you breathe out. | 5. Slowly lower your ankle to the floor, stretching your calf. Breathe in on the way down. | 6. Once finished training your right calve, place your left foot on the platform and repeat for the same number of reps."
Sissy Squat (Weighted),None,Quadriceps,None,assets/media/exercises/ex_0340_video.mp4,assets/media/exercises/ex_0340_thumbnail.jpg,"1. Grab a weight plate, lift it in front of your chest, and hold it with one arm. | 2. Stand before a gym bench or another object you can hold onto for balance. | 3. Grab the object for support. | 4. Have your feet a few inches apart, engage your abs, and take a breath. | 5. Descend into a squat while simultaneously leaning your torso back. | 6. As you move down, allow your heels to lift off the floor and support yourself on the balls of your feet. | 7. Go down as much as possible, feeling your quadriceps stretch. | 8. Engage your quadriceps to straighten your legs and stand tall. Exhale near the top."
Sit Up,None,Abdominals,None,assets/media/exercises/ex_0341_video.mp4,assets/media/exercises/ex_0341_thumbnail.jpg,"1. Place an exercise mat on the floor and lie on it. | 2. Bend your knees and plant your feet flat on the floor. | 3. Position your hands in front of your face or behind your head. | 4. Take a breath and crunch your torso by engaging your abs, lifting your upper body to an upright position. | 5. Breathe out at the top position and slowly lower your torso as you breathe in."
Sit Up (Weighted),None,Abdominals,None,assets/media/exercises/ex_0342_video.mp4,assets/media/exercises/ex_0342_thumbnail.jpg,"1. Place a dumbbell or weight plate on the floor and lie next to it. | 2. Bend your knees and plant your feet flat on the floor. | 3. Grab the weight and position it over your chest. | 4. Take a breath and crunch your torso by engaging your abs, lifting your torso to an upright position. Exhale. | 5. Hold for a moment and lower your torso slowly as you breathe in."
Skullcrusher (Barbell),Barbell,Triceps,None,assets/media/exercises/ex_0343_video.mp4,assets/media/exercises/ex_0343_thumbnail.jpg,"1. Load a straight bar, lift it off the floor, and support it in front of your chest. | 2. Carefully sit on a flat gym bench and lie back while keeping the bar close to your torso. | 3. Extend your arms and bring your shoulders back. Plant your feet on the floor. | 4. Take a breath and lower the barbell to your forehead or behind your head. | 5. Pause for a moment and extend your arms while keeping your elbows in position. Exhale near the top."
Skullcrusher (Dumbbell),Dumbbell,Triceps,None,assets/media/exercises/ex_0344_video.mp4,assets/media/exercises/ex_0344_thumbnail.jpg,"1. Grab a pair of dumbbells and lie on a flat gym bench. | 2. Straighten your arms and position the dumbbells over your chest with your wrists neutral (hands facing one another). | 3. Bring your shoulders back, engage your abs, and plant your feet flat on the floor. | 4. Take a breath and slowly bend your elbows to bring the dumbbells to the sides of your head. | 5. Hold the position momentarily and extend your arms by squeezing your triceps. Exhale near the top."
Sled Push,Other,Full Body,None,assets/media/exercises/ex_0345_video.mp4,assets/media/exercises/ex_0345_thumbnail.jpg,"1. Load a sled with the appropriate amount of weight. | 2. Lean forward, grab the two handles, and straighten your arms. | 3. Bring your shoulders back, engage your abs, and have the balls of your feet on the ground. | 4. Take a breath and press through the balls of your feet to move forward. | 5. Move forward slowly, pressing through your feet. Breathe steadily and go for as long as possible."
Snatch,Barbell,Full Body,None,assets/media/exercises/ex_0346_video.mp4,assets/media/exercises/ex_0346_thumbnail.jpg,"1. Stand in front of a loaded barbell. Your feet should be underneath the bar, and your shins should be a couple of inches away. | 2. Lean forward and grab the bar with a wide snatch grip. | 3. Lower your hips, bring your shoulders back to straighten your back, and adjust yourself to the bar. Your knees should extend over the bar. | 4. Engage your abs and take a breath. | 5. Powerfully drive through your heels as if trying to squat the weight. | 6. As the barbell glides close to your body and reaches your hips, press through your heels for a second time, powerfully extending your knees and hips. Simultaneously, pull the bar up in a vertical line. | 7. Drop by bending your knees and receive the barbell overhead with your arms straight. | 8. Press through your heels to perform an overhead squat and exhale at the top. | 9. Lower the barbell to the floor, keeping it close to your body."
Spider Curl (Barbell),Barbell,Biceps,None,assets/media/exercises/ex_0347_video.mp4,assets/media/exercises/ex_0347_thumbnail.jpg,"1. Set the incline of a gym bench at roughly 45 degrees. | 2. Position yourself on the bench with your stomach and chest flat against the back support. | 3. Reach down and grab the barbell with an even underhand grip (palms facing forward). Alternatively, have someone hand you the bar. | 4. Engage your abs and take a breath. | 5. Curl the barbell while keeping your elbows stationary. | 6. Bend your arms until your wrists are higher than your elbows. Squeeze your biceps and breathe out. | 7. Slowly lower the barbell and fully extend your arms as you breathe in."
Spider Curl (Dumbbell),Dumbbell,Biceps,None,assets/media/exercises/ex_0348_video.mp4,assets/media/exercises/ex_0348_thumbnail.jpg,"1. Set a gym bench at a 45 to 60-degree incline. | 2. Grab a pair of dumbbells and sit on the bench with your chest and stomach against the back support. Your arms should hang down with your palms facing forward. | 3. Take a deep breath and curl both dumbbells, not moving your elbows forward. Exhale at the top. | 4. Extend your arms as you breathe in."
Spiderman,None,Abdominals,None,assets/media/exercises/ex_0349_video.mp4,assets/media/exercises/ex_0349_thumbnail.jpg,"1. Get down on all fours and extend your body in an elbow plank position. | 2. Have your forearms flat on the floor, supporting your upper body, and your legs extended with your toes supporting your lower body. | 3. Keep your buttocks slightly elevated, back neutral, and abs engaged for support. | 4. Take a breath, tuck your right knee to your right elbow, and exhale. | 5. Bring your knee back to the starting position as you breathe in. | 6. Tuck your left knee to your left elbow. | 7. Continue alternating between left and right until you finish the set."
Spinning,Machine,Cardio,None,assets/media/exercises/ex_0350_video.mp4,assets/media/exercises/ex_0350_thumbnail.jpg,"1. Adjust the seat height and get on top of the cardio machine. | 2. Select the appropriate program and grab the handles. | 3. Place your feet flat on the pedals, bring your shoulders back, and direct your gaze forward. | 4. Cycle steadily and maintain a steady breath."
Split Jerk,Barbell,Full Body,None,assets/media/exercises/ex_0351_video.mp4,assets/media/exercises/ex_0351_thumbnail.jpg,"1. Hold a barbell at neck level with your arms wide. | 2. Bring your shoulders back, engage your abs, and have your feet in a comfortable stance. | 3. Take a breath and descend a few inches by bending your knees. | 4. Push through your heels and immediately thrust the barbell overhead. | 5. Immediately split your stance, bringing your dominant leg forward and the non-dominant one back to receive the barbell. | 6. Position your feet in line and slowly lower the barbell to neck level as you exhale."
Split Squat (Dumbbell),Dumbbell,Quadriceps,"Hamstrings, Glutes",assets/media/exercises/ex_0352_video.mp4,assets/media/exercises/ex_0352_thumbnail.jpg,"1. Grab a pair of dumbbells and stand tall. | 2. Retract your shoulder blades, engage your abs, and bring your right leg forward, planting the foot flat on the ground. | 3. Take a breath and bend your right knee to descend into a split squat. | 4. Descend until your back knee taps the floor and press through your front heel to straighten your right leg. Exhale near the top. | 5. Once finished training your right leg, bring your left leg forward and do the same number of reps."
Squat (Band),Resistance Band,Quadriceps,"Hamstrings, Glutes",assets/media/exercises/ex_0353_video.mp4,assets/media/exercises/ex_0353_thumbnail.jpg,"1. Take a large looped resistance band and step over it with both feet. | 2. Have your feet in a comfortable stance for squatting. | 3. Grab the opposite side of the band, raise it overhead, and place it behind your neck. | 4. Stand tall, bring your shoulders back, engage your abs, and breathe in. | 5. Descend until your thighs are parallel to the floor. | 6. Hold for a moment and press through your heels to bring yourself to the top. Exhale."
Squat (Bodyweight),None,Quadriceps,"Hamstrings, Glutes",assets/media/exercises/ex_0354_video.mp4,assets/media/exercises/ex_0354_thumbnail.jpg,"1. Stand tall with your feet in a comfortable stance, shoulders back, and gaze directed forward. | 2. Lift your arms in front of you for balance and take a breath. | 3. Squat and keep your heels in contact with the floor. | 4. Move down until your thighs are parallel to the ground. | 5. Push through your heels to bring yourself to the top and exhale."
Squat (Dumbbell),Dumbbell,Quadriceps,"Hamstrings, Glutes",assets/media/exercises/ex_0355_video.mp4,assets/media/exercises/ex_0355_thumbnail.jpg,"1. Grab a pair of dumbbells and stand tall with your arms straight and to your sides. | 2. Bring your shoulders back, engage your abs, and have your feet in a comfortable stance. | 3. Take a breath and descend by bending your knees. | 4. Move down until your thighs are parallel to the floor, and keep your heels in contact with the ground. | 5. Press through your heels to move up and exhale near the top."
Squat (Machine),Machine,Quadriceps,"Hamstrings, Glutes",assets/media/exercises/ex_0356_video.mp4,assets/media/exercises/ex_0356_thumbnail.jpg,"1. Position your back and shoulders against the pad. | 2. Have your feet hip-width apart with your toes pointing slightly out. | 3. Bring your shoulders back, engage your abs, and take a breath. | 4. Pull the safety lever away to unrack the weight. | 5. Bend your knees to descend into a squat and keep your heels in contact with the floor. | 6. Squat until your thighs are parallel to the floor. | 7. Press through your heels to bring yourself to the top and exhale. | 8. Once finished, bring the safety lever back and rack the weight."
Squat (Smith Machine),Machine,Quadriceps,"Hamstrings, Glutes",assets/media/exercises/ex_0357_video.mp4,assets/media/exercises/ex_0357_thumbnail.jpg,"1. Position the Smith machine bar at just below collarbone height. | 2. Grab the bar with an overhand grip, tuck your head underneath, and position your upper back against the bar. | 3. Walk your feet out a bit and have them hip-width apart. | 4. Extend your knees to unrack the bar. | 5. Engage your abs, breathe in, and squat by bending your knees. | 6. Descend until your thighs are parallel to the floor. | 7. Press through your heels to move back to the top and exhale. | 8. Once finished, rack the bar and relax your body."
Squat (Suspension),Suspension,Quadriceps,"Glutes, Hamstrings",assets/media/exercises/ex_0358_video.mp4,assets/media/exercises/ex_0358_thumbnail.jpg,"1. Grab the handles of a suspension kit and bend your arms at a 90-degree angle. | 2. Bring your shoulders back, engage your abs, and have your feet in a comfortable squatting stance. | 3. Inhale and squat while keeping your heels in contact with the floor. | 4. Continue until your thighs become parallel to the floor, and pause for a moment. | 5. Press through your heels and bring yourself to the top as you exhale."
Squat Row,Machine,Full Body,None,assets/media/exercises/ex_0359_video.mp4,assets/media/exercises/ex_0359_thumbnail.jpg,"1. Select the appropriate load on a cable machine. | 2. Set the pulley at hip height and attach a rope or handle. | 3. Grab the cable attachment, take a step back to lift the weight off its stack, and bring your shoulders back. | 4. With your arms straight, descend into a squat. | 5. Go down until your thighs are parallel to the floor. | 6. Press through your heels to move up and immediately row the weight to your stomach as you breathe out."
Stair Machine (Floors),Machine,Cardio,None,assets/media/exercises/ex_0360_video.mp4,assets/media/exercises/ex_0360_thumbnail.jpg,1. Climb on top of the machine and turn it on. | 2. Select a low speed and grab the handrails for support. | 3. Climb the moving stairs while keeping your shoulders back and abs engaged. | 4. Maintain a steady breath. | 5. Increase the speed to a sustainable pace once you’re familiar with the machine.
Stair Machine (Steps),Machine,Cardio,None,assets/media/exercises/ex_0361_video.mp4,assets/media/exercises/ex_0361_thumbnail.jpg,1. Climb on top of the machine and turn it on. | 2. Select a low speed and grab the handrails for support. | 3. Climb the moving stairs while keeping your shoulders back and abs engaged. | 4. Maintain a steady breath. | 5. Increase the speed to a sustainable pace once you’re familiar with the machine.
Standing Cable Glute Kickbacks,Machine,Glutes,Hamstrings,assets/media/exercises/ex_0362_video.mp4,assets/media/exercises/ex_0362_thumbnail.jpg,"1. Set the pulley to the lowest position and select the appropriate weight. | 2. Attach an ankle strap to the pulley. | 3. Face the cable machine and wrap the strap around your right ankle, just above the foot. | 4. Bend forward, grab the cable machine’s pillars for balance, and engage your abs. | 5. Take a breath and bring your right leg back in one fluid motion, squeezing your glute at the top and exhaling. | 6. Slowly bring the leg to the starting position and breathe in. | 7. Once finished, wrap the strap over your other ankle, lean forward, and do the same number of reps."
Standing Calf Raise,None,Calves,None,None,assets/media/exercises/ex_0363_thumbnail.jpg,"1. Stand tall with your feet together, knees extended, shoulders back, and arms to your sides. | 2. Take a breath. | 3. Press through the balls of your feet to extend your ankles, raising yourself a couple of inches. Exhale. | 4. Lower yourself to the starting position as you breathe in."
Standing Calf Raise (Barbell),Barbell,Calves,None,assets/media/exercises/ex_0364_video.mp4,assets/media/exercises/ex_0364_thumbnail.jpg,"1. Position a barbell on your upper back muscles behind your neck and hold it with both hands. | 2. Place the balls of your feet on an elevated platform and have your heels on the floor. | 3. Bring your shoulders back and engage your abs. | 4. Take a breath and extend your ankles, lifting your heels and squeezing your calves as you exhale. | 5. Lower your heels without resting them on the floor as you breathe in."
Standing Calf Raise (Dumbbell),Dumbbell,Calves,None,assets/media/exercises/ex_0365_video.mp4,assets/media/exercises/ex_0365_thumbnail.jpg,"1. Hold a dumbbell in one hand. | 2. Place the balls of your feet on an elevated platform. | 3. Use your free hand to grab onto something for balance. | 4. Extend your knees, squeeze your glutes, engage your abs, and retract your shoulders. | 5. Take a breath and flex your ankles, bringing your heels to the floor. | 6. Go down as much as possible, feeling your calves stretch. | 7. Hold for a moment and extend your ankles to raise yourself, squeezing your calves at the top as you exhale."
Standing Calf Raise (Machine),Machine,Calves,None,assets/media/exercises/ex_0366_video.mp4,assets/media/exercises/ex_0366_thumbnail.jpg,"1. Select the appropriate load. | 2. Put your shoulders and upper back against the machine’s pad. | 3. Position the balls of your feet on the platform and extend your knees. | 4. Grab the handles by the machine’s pad for extra support. | 5. Take a breath and extend your ankles, squeezing your calves at the top, and exhale. | 6. Lower yourself slowly, feeling your calves stretch at the bottom. Breathe in on the way down."
Standing Calf Raise (Smith),Machine,Calves,None,assets/media/exercises/ex_0367_video.mp4,assets/media/exercises/ex_0367_thumbnail.jpg,"1. Set the bar at the appropriate height, where you can unrack it as you fully extend your knees. | 2. Add the appropriate weight and position a calf raise block under the bar. | 3. Position your trapezius against the bar, grab it with both hands, and place the balls of your feet on the platform. | 4. Engage your entire body and straighten your knees to unrack the bar. | 5. Inhale and slowly lower yourself by allowing your ankles to flex. Keep your knees extended. | 6. Pause briefly at the bottom and push through the balls of your feet to extend your ankles. Squeeze your calves and pause briefly as you exhale."
Standing Leg Curls,Machine,Hamstrings,Calves,assets/media/exercises/ex_0368_video.mp4,assets/media/exercises/ex_0368_thumbnail.jpg,"1. Select the appropriate weight on the machine. | 2. Stand tall, grab the handles for support, and position your right Achilles heel against the machine’s pad. | 3. Bring your shoulders back, engage your abs, and take a breath. | 4. Slowly bend your leg until your ankle is slightly higher than your knee. | 5. Squeeze your hamstring muscle at the top and exhale. | 6. Slowly extend your leg as you breathe in. | 7. Once finished training one side, position your opposite Achilles heel against the pad and do the same number of reps."
Standing Military Press (Barbell),Barbell,Shoulders,Triceps,assets/media/exercises/ex_0369_video.mp4,assets/media/exercises/ex_0369_thumbnail.jpg,"1. Position the barbell at collarbone height on a rack or stand. | 2. Stand a few inches from the bar and grab it with an overhand grip. Have your hands shoulder-width apart. | 3. With your hands gripping the bar, tuck yourself underneath and retract your shoulders. | 4. Take a breath, engage your glutes, and push through your legs to unrack the bar. | 5. With your elbows tucked in, back straight, and gaze forward, take a couple of steps back and have your feet at hip-width distance. | 6. Take a deep breath, engage your abs, and push through your elbows in a vertical line. | 7. Push until your elbows lock out and exhale. | 8. Slowly lower the bar to neck level as you breathe in."
Step Up,Other,Quadriceps,"Hamstrings, Glutes",assets/media/exercises/ex_0370_video.mp4,assets/media/exercises/ex_0370_thumbnail.jpg,"1. Stand in front of a flat gym bench or plyometric box. Have your feet hip-width apart with your toes pointing slightly out. | 2. Bring your shoulders back and engage your abs. | 3. Take a breath, lift your right leg, and plant the foot on the elevated platform. | 4. Push through the heel to extend your body and bring yourself on top of the elevated object. Exhale. | 5. Step off the platform, take another breath and extend your opposite leg."
Sternum Pull up (Gironda),Machine,Lats,"Upper Back, Biceps, Forearms",assets/media/exercises/ex_0371_video.mp4,assets/media/exercises/ex_0371_thumbnail.jpg,"1. Reach up and grab the pull-up bar with an even overhand grip (palms facing forward). Have your hands shoulder-width apart or slightly wider. | 2. Bring your shoulders back, engage your abs, and squeeze your glutes. | 3. Bring your shoulder blades as far back as your strength and mobility allow. Keep your midsection engaged and lean your torso back. | 4. Take a breath and pull yourself up until your lower chest touches the bar, then exhale. | 5. Lower yourself with control and breathe in as you descend."
Straight Arm Lat Pulldown (Cable),Machine,Lats,Triceps,assets/media/exercises/ex_0372_video.mp4,assets/media/exercises/ex_0372_thumbnail.jpg,"1. Select the appropriate load. | 2. Set the pulley to the highest position and attach a straight bar. | 3. Grab the bar with an overhand grip (palms facing down). | 4. Step back to raise the weight from its stack. | 5. Engage your abs, retract your shoulder blades, and squeeze your glutes. You can stagger your stance (bring one foot forward and the other back) for balance. | 6. Take a breath and bring the bar to your hips in one fluid motion. Keep your arms straight and exhale. | 7. Slowly let the bar travel forward and up as you breathe in."
Straight Leg Deadlift,Barbell,Hamstrings,"Glutes, Lower Back, Upper Back, Lats, Traps",assets/media/exercises/ex_0373_video.mp4,assets/media/exercises/ex_0373_thumbnail.jpg,1. Stand in front of a loaded barbell. | 2. Position your feet underneath and have your shins a couple of inches from the bar. | 3. Lean forward by hinging at the hips. | 4. Grab the bar with a double overhand grip (palms facing back). | 5. Bring your shoulders back and engage your abs. Keep your legs straight. | 6. Take a breath and pull the bar in a straight vertical line while pushing through your heels. | 7. Squeeze your glutes at the top and exhale. | 8. Slowly lower the bar in the same straight line and breathe in on the way down or before initiating the next rep.
Sumo Deadlift,Barbell,Glutes,"Hamstrings, Quadriceps, Adductors, Lower Back, Upper Back, Lats, Traps",assets/media/exercises/ex_0374_video.mp4,assets/media/exercises/ex_0374_thumbnail.jpg,"1. Stand before a loaded barbell with your feet spread wide and your toes pointing out. Your shins should be close to the bar but not in contact. | 2. Bend forward and grab the barbell with a double overhand grip (palms facing back). Your hands should be shoulder-width apart, with your elbows a few inches from your inner thighs. | 3. Bring your shoulders back and lift your chest. Doing so will straighten your back, position your hips at the correct height, and bring your shins against the barbell. | 4. With your body tense and arms straight, breathe into your belly. | 5. Pull the barbell forcefully as you dig your heels into the floor. | 6. Extend your knees and hips as the barbell travels in a straight vertical line and close to your body. | 7. Squeeze your glutes at the top to complete the repetition and exhale, but don’t hyperextend your back. | 8. Lower the barbell in the same vertical line. Breathe in on the way down or before initiating the next rep."
Sumo Squat,None,Quadriceps,"Glutes, Adductors, Hamstrings",assets/media/exercises/ex_0375_video.mp4,assets/media/exercises/ex_0375_thumbnail.jpg,"1. Stand tall and assume a wider-than-shoulder-level stance with your toes pointing out. | 2. Retract your shoulder blades and raise your arms in front of your body for balance. | 3. Take a deep breath, engage your abs, and squat. | 4. Move down until your thighs are parallel to the floor, and press through your heels to return to the top as you exhale."
Sumo Squat (Barbell),Barbell,Quadriceps,"Hamstrings, Glutes, Adductors",assets/media/exercises/ex_0376_video.mp4,assets/media/exercises/ex_0376_thumbnail.jpg,"1. Set the barbell at collarbone height. | 2. Place your hands evenly over the bar, slightly wider than shoulder level apart. | 3. Tuck your head under the bar, placing it on your upper back. | 4. Plant your feet on the floor, take a breath, and unrack the bar. | 5. Take a couple of steps back. | 6. Widen your stance as much as possible with your toes pointing out. | 7. Bring your chest out and take a breath. | 8. Squat slowly, keeping your heels in contact with the floor. | 9. Descend until your thighs are parallel to the floor, hold for a moment, and press through your heels, exhaling near the top."
Sumo Squat (Dumbbell),Dumbbell,Quadriceps,"Glutes, Adductors, Hamstrings",assets/media/exercises/ex_0377_video.mp4,assets/media/exercises/ex_0377_thumbnail.jpg,1. Place a dumbbell in a vertical position on the floor and stand before it. | 2. Squat down and grab the top weight plate with both hands. | 3. Stand tall and assume a comfortable squatting stance. A wide (sumo) stand would give you more room to squat comfortably. | 4. Take a deep breath and engage your abs. | 5. Slowly descend into a squat until your thighs are parallel to the floor. | 6. Push through your heels to move back to the top as you exhale.
Sumo Squat (Kettlebell),Kettlebell,Quadriceps,"Glutes, Adductors, Hamstrings",assets/media/exercises/ex_0378_video.mp4,assets/media/exercises/ex_0378_thumbnail.jpg,"1. Grab a kettlebell by the handle and stand tall with your arms straight and the weight in front of your body. | 2. Assume a wider-than-shoulder-level stance, with your toes pointing out. | 3. Retract your shoulder blades, take a deep breath, and engage your abs. | 4. Descend until your thighs are parallel to the floor, and pause for a moment. | 5. Press through your heels to move back to the top and exhale."
Superman,None,Lower Back,"Glutes, Hamstrings",assets/media/exercises/ex_0379_video.mp4,assets/media/exercises/ex_0379_thumbnail.jpg,"1. Lie face down on the floor with your legs straight and arms extended to the sides of your head. | 2. Have your toes, knees, thighs, stomach, and chest in contact with the floor. | 3. Take a breath and extend your arms and legs toward the ceiling as high as possible. Breathe out. | 4. Hold the arched position for a couple of seconds, and relax your body as you breathe in."
T Bar Row,Barbell,Upper Back,"Lats, Biceps, Forearms",assets/media/exercises/ex_0380_video.mp4,assets/media/exercises/ex_0380_thumbnail.jpg,"1. Add some weight to the T-bar station. | 2. Step on the platform, lean forward and grab the handles with an overhand grip. | 3. Retract your shoulder blades, engage your abs, and inhale. | 4. With your back neutral, push through your heels and extend your hips a bit to lift the weight off the floor. | 5. Keep your torso almost parallel with the floor and have your arms straight. | 6. Inhale again and pull the weight until the handles get close to your torso. Breathe out at the top. | 7. Extend your arms as you breathe in. Don’t set the weight on the floor."
Thruster (Barbell),Barbell,Full Body,None,assets/media/exercises/ex_0381_video.mp4,assets/media/exercises/ex_0381_thumbnail.jpg,"1. Have the barbell in a front rack position: resting on your shoulders with your elbows bent and fingertips supporting. | 2. Position your feet in a comfortable squatting stance. | 3. Engage your abs and take a breath. | 4. Descend into a squat and keep your heels in contact with the floor. | 5. Move down until your thighs are parallel to the floor. | 6. Press through your heels to move up. | 7. As your legs straighten, immediately transition into an overhead press, thrusting the barbell overhead and breathing out. | 8. Lower the barbell to the front rack position as you breathe in. | 9. Descend into another squat."
Thruster (Kettlebell),Kettlebell,Full Body,None,assets/media/exercises/ex_0382_video.mp4,assets/media/exercises/ex_0382_thumbnail.jpg,"1. Grab a pair of kettlebells, stand tall, and lift them to shoulder level. Keep your elbow bent and the kettlebells on the outer side, resting against your forearms and biceps (rack position). | 2. Have your feet at a hip-width distance with your toes pointing slightly out. | 3. Bring your shoulders back, engage your abs, take a breath, and squat. | 4. Descend until your thighs are parallel to the floor and move up, pushing through your heels. | 5. As you reach the top of the squat, press the kettlebells overhead, extending your elbows fully and exhaling. | 6. Lower the kettlebells to the sides of your shoulder, take another breath, and squat."
Toe Touch,None,Abdominals,None,assets/media/exercises/ex_0383_video.mp4,assets/media/exercises/ex_0383_thumbnail.jpg,"1. Lie on the floor, straighten your legs, and raise them toward the ceiling. | 2. Engage your abs and raise your arms over your chest with your fingers pointing up. | 3. Take a breath and crunch your abs to lift your shoulder blades several inches off the floor. | 4. Touch your toes with your fingers (or crunch as high as possible in one fluid motion) and exhale. | 5. Lower your upper back to the floor as you breathe in."
Toes to Bar,None,Abdominals,Forearms,assets/media/exercises/ex_0384_video.mp4,assets/media/exercises/ex_0384_thumbnail.jpg,"1. Reach up and grab a pull-up bar with an overhand grip (palms facing forward). | 2. Bring your feet together and lift them off the floor to suspend yourself in the air. | 3. Retract your shoulder blades and engage your abs. | 4. Take a breath and lift your legs in one fluid motion. | 5. Go up as high as possible––ideally, until your toes are close to the pull-up bar you’re holding. Breathe out at the top. | 6. Slowly lower your legs to the starting position as you breathe in. Do repetitions slowly and keep your abs engaged to prevent your body from swinging back and forth."
Torso Rotation,Machine,Abdominals,None,assets/media/exercises/ex_0385_video.mp4,assets/media/exercises/ex_0385_thumbnail.jpg,"1. Select the appropriate weight. | 2. Adjust the seat height so that you can comfortably place your forearms on the pads at your sides and grab the handles. | 3. With your knees bent, position your shins against the bottom pads and push forward to create whole-body rigidity. | 4. Breathe in and twist your lower body to the right as you exhale. It should be a fluid motion. | 5. Slowly return your lower body to the starting position as you breathe in. | 6. Rotate your legs to the left and breathe out again. | 7. Continue alternating from left to right, breathing steadily as you do reps."
Treadmill,Machine,Cardio,None,assets/media/exercises/ex_0386_video.mp4,assets/media/exercises/ex_0386_thumbnail.jpg,"1. Stand on the treadmill and clip the safety key to your tank top or T-shirt. | 2. Start the treadmill and gradually increase the speed from slow walking to a jog. | 3. Maintain an upright posture, direct your gaze forward, and maintain a steady breath. | 4. Keep your arms bent and move them in sync with your strides."
Triceps Dip,Machine,Triceps,"Chest, Shoulders",assets/media/exercises/ex_0387_video.mp4,assets/media/exercises/ex_0387_thumbnail.jpg,"1. Grab a pair of parallel bars and suspend yourself in the air. | 2. Maintain an upright body, bring your shoulders back, and engage your abs. | 3. Take a breath and lower yourself by bending your elbows. | 4. Move down until your elbows are at a 90-degree angle. | 5. Hold the position for a moment and press yourself back to the top as you exhale."
Triceps Dip (Assisted),Machine,Triceps,"Chest, Shoulders",assets/media/exercises/ex_0388_video.mp4,assets/media/exercises/ex_0388_thumbnail.jpg,"1. Select the appropriate load on the machine. | 2. Grab the parallel bars, place your knees on the platform, and bring your legs together. | 3. Retract your shoulder blades, straighten your arms, and engage your abs. | 4. Take a breath and lower yourself by bending your arms. | 5. Descend until your elbows are at a 90-degree angle, hold for a moment, and press back to the top as you breathe out."
Triceps Dip (Weighted),Machine,Triceps,"Chest, Shoulders",assets/media/exercises/ex_0389_video.mp4,assets/media/exercises/ex_0389_thumbnail.jpg,"1. Attach a weight plate to yourself via a special belt. | 2. Grab a pair of parallel bars and suspend yourself in the air. | 3. Maintain an upright body, bring your shoulders back, and engage your abs. | 4. Take a breath and lower yourself by bending your elbows. | 5. Move down until your elbows are at a 90-degree angle. | 6. Hold the position for a moment and press yourself back to the top as you exhale."
Triceps Extension (Barbell),Barbell,Triceps,None,assets/media/exercises/ex_0390_video.mp4,assets/media/exercises/ex_0390_thumbnail.jpg,"1. Load a barbell. | 2. Grab the bar with an even overhand grip (palms facing back). | 3. Bring your shoulders back and engage your abs. | 4. Lift the bar to chest level. | 5. Sit down on a flat gym bench. | 6. Raise the barbell overhead and extend your arms. | 7. Take a breath and lower the bar behind your head, feeling your triceps stretch. | 8. Hold the bottom for a moment and extend your arms as you exhale."
Triceps Extension (Cable),Machine,Triceps,None,assets/media/exercises/ex_0391_video.mp4,assets/media/exercises/ex_0391_thumbnail.jpg,"1. Set a cable pulley in a low position and attach a handle. | 2. Select a light load with a pin. | 3. Reach down and grab the handle with one hand. | 4. Turn your body away from the cable machine and extend your arm toward the ceiling. | 5. Place your opposite hand on your elbow for support, retract your shoulder blades, and engage your abs. | 6. Take a breath and slowly bend your elbow until you feel a stretch in your tricep. | 7. Flex your tricep to extend your arm and exhale near the top. | 8. Once finished training one tricep, grab the handle with your opposite hand and do the same number of reps."
Triceps Extension (Dumbbell),Dumbbell,Triceps,None,assets/media/exercises/ex_0392_video.mp4,assets/media/exercises/ex_0392_thumbnail.jpg,"1. Grab a dumbbell and stand tall. | 2. Lift the weight overhead and place your hands flat against the top weight plate with your palms facing the ceiling. | 3. Bring your shoulders back and engage your abs. | 4. Take a breath and lower the dumbbell behind your head while keeping your elbows to the sides of your head. | 5. Bend your arms until you feel a stretch, and extend your elbows as you breathe out."
Triceps Extension (Machine),Machine,Triceps,None,assets/media/exercises/ex_0393_video.mp4,assets/media/exercises/ex_0393_thumbnail.jpg,"1. Set the appropriate load and sit down. | 2. Grab the handles to your sides, bring your shoulders back into the pad, and plant your feet on the floor. | 3. Take a breath and push the handles down by extending your elbows. | 4. Straighten your arms fully and hold the position momentarily as you exhale. | 5. Bend your arms slowly and breathe in."
Triceps Extension (Suspension),Suspension,Triceps,None,assets/media/exercises/ex_0394_video.mp4,assets/media/exercises/ex_0394_thumbnail.jpg,"1. Grab the handles of the suspension kit and turn away from the anchor point. | 2. Extend your arms in front of your body, bring your feet together, and flex your abs. | 3. Retract your shoulders and take a breath. | 4. Lean your body forward by bending your elbows. | 5. Descend until you feel a stretch in your triceps. | 6. Flex your arm muscles to extend your body and exhale."
Triceps Kickback (Cable),Machine,Triceps,None,assets/media/exercises/ex_0395_video.mp4,assets/media/exercises/ex_0395_thumbnail.jpg,"1. Set the cable pulley in a low position and select the appropriate load. Don’t add an attachment. | 2. Grab the plastic piece at the rope’s end with your right hand and take a step back. | 3. Lean your torso forward and keep your back straight. | 4. Raise your elbow to the side of your torso and inhale. | 5. Extend your arm fully and pause briefly as you exhale. | 6. Slowly bend your arm as you breathe in. | 7. Repeat. | 8. Once finished, grab the rope with your left hand and repeat for the same number of reps."
Triceps Kickback (Dumbbell),Dumbbell,Triceps,None,assets/media/exercises/ex_0396_video.mp4,assets/media/exercises/ex_0396_thumbnail.jpg,"1. Grab a light dumbbell and hold it to your side with your palm facing your thigh. | 2. Lean your torso forward as you push your butt back to maintain a neutral back. | 3. Lift your elbow to your side, inhale, and extend your arm by engaging your tricep. Breathe out. | 4. Hold the contraction for a second and slowly bring the dumbbell back down as you breathe in. | 5. Keep your shoulder and elbow in a stationary position throughout each repetition."
Triceps Pressdown,Machine,Triceps,None,assets/media/exercises/ex_0397_video.mp4,assets/media/exercises/ex_0397_thumbnail.jpg,"1. Set the appropriate weight on a cable machine. | 2. Put the pulley in the highest position and attach a straight or V-shaped bar. | 3. Grab the bar with an even overhand grip (palms facing down). | 4. Bring your elbows to your sides, take a step back, and retract your shoulder blades. | 5. Engage your abs and take a breath. | 6. Extend your arms fully and hold the bottom position for a moment as you breathe out. | 7. Slowly bend your arms until your wrists are slightly higher than your elbows, breathing in along the way."
Upright Row (Barbell),Barbell,Shoulders,"Traps, Upper Back, Biceps, Forearms",assets/media/exercises/ex_0398_video.mp4,assets/media/exercises/ex_0398_thumbnail.jpg,"1. Grab a barbell with an overhand grip (palms facing back). Your hands should be shoulder-width apart. | 2. Stand tall, retract your shoulder blades, flex your abs, and take a breath. | 3. Row the barbell in a straight line from your hips to your chest and breathe out. Squeeze your upper back and biceps at the top. | 4. Extend your arms slowly and breathe in on the way down."
Upright Row (Cable),Machine,Shoulders,"Traps, Upper Back, Biceps, Forearms",assets/media/exercises/ex_0399_video.mp4,assets/media/exercises/ex_0399_thumbnail.jpg,"1. Set the pulley to the lowest position and attach a straight bar. | 2. Select the appropriate weight. | 3. Lean forward and grab the bar with an overhand grip (palms facing down). | 4. Stand up and step back to lift the weight off its stack. | 5. Bring your shoulders back, engage your abs, and put one foot slightly forward for support. | 6. Take a breath and row the bar to your upper chest in one fluid motion. Exhale at the top. | 7. Slowly extend your arms as you breathe in."
Upright Row (Dumbbell),Dumbbell,Shoulders,"Traps, Upper Back, Biceps, Forearms",assets/media/exercises/ex_0400_video.mp4,assets/media/exercises/ex_0400_thumbnail.jpg,"1. Grab a pair of dumbbells and stand tall. Have your feet in a comfortable stance, shoulders retracted, and arms straight. | 2. Position the dumbbells in front of your body and engage your abs. | 3. Inhale and pull the dumbbells in a straight vertical line toward your upper chest. Exhale at the top. | 4. Extend your arms, breathing in on the way down."
V Up,None,Abdominals,None,assets/media/exercises/ex_0401_video.mp4,assets/media/exercises/ex_0401_thumbnail.jpg,"1. Lie on the floor with your legs straight, feet together, and arms stretched behind your head. | 2. Engage your abs and take a breath. | 3. Simultaneously raise your legs and upper body in one fluid motion, folding your body into a V shape and breathing out. | 4. Hold the top position for a moment and slowly lower your torso and legs as you breathe in. Don’t rest your feet on the floor between repetitions."
Vertical Traction (Machine),Machine,Lats,"Upper Back, Biceps, Forearms",assets/media/exercises/ex_0402_video.mp4,assets/media/exercises/ex_0402_thumbnail.jpg,"1. Select the appropriate load. | 2. Face away from the machine with your backside close to the back pad with the handles overhead. | 3. Grab the handles with a neutral (palms facing one another) or overhand (palms facing forward) grip and sit down. | 4. Bring your chest out, engage your abs, and breathe in. | 5. Pull the handles down and to your sides with your elbows traveling in a semi-arc toward your lats. Exhale. | 6. Slowly extend your arms and breathe in."
Waiter Curl (Dumbbell),Dumbbell,Biceps,Forearms,assets/media/exercises/ex_0403_video.mp4,assets/media/exercises/ex_0403_thumbnail.jpg,"1. Hold a dumbbell vertically and place your hands flat against the underside of the top weight plate with your thumbs on top for grip support. | 2. Stand tall, spread your feet slightly wider than your hips, and lean forward slightly. | 3. Bring your chest out, engage your abs, and breathe in. | 4. Curl the dumbbell until your wrists are slightly higher than your elbows and pause for a moment as you exhale. | 5. Slowly lower the weight until your arms are fully extended. Breathe in on the way down. | 6. Repeat."
Walking Lunge,None,Quadriceps,"Glutes, Hamstrings",assets/media/exercises/ex_0404_video.mp4,assets/media/exercises/ex_0404_thumbnail.jpg,"1. Retract your shoulder blades and engage your abs. | 2. Take a breath and extend your right leg forward, planting the foot on the floor. | 3. Immediately sink into a lunge until your back knee is almost in contact with the ground. | 4. Press through your front foot to extend the leg as you exhale. | 5. Breathe in as you lift your back foot off the floor and extend the back leg forward, planting the foot in front of your body and descending into another lunge. | 6. Continue moving forward until you’re done."
Walking Lunge (Dumbbell),Dumbbell,Quadriceps,"Glutes, Hamstrings",assets/media/exercises/ex_0405_video.mp4,assets/media/exercises/ex_0405_thumbnail.png,"1. Grab a pair of dumbbells and stand tall. | 2. Retract your shoulder blades and engage your abs. | 3. Take a breath and extend your right leg forward, planting the foot on the floor. | 4. Immediately sink into a lunge until your back knee is almost in contact with the ground. | 5. Press through your front foot to extend the leg as you exhale. | 6. Breathe in as you lift your back foot off the floor and extend the back leg forward, planting the foot in front of your body and descending into another lunge. | 7. Continue moving forward until you’re done."
Wall Ball,Other,Full Body,None,assets/media/exercises/ex_0406_video.mp4,assets/media/exercises/ex_0406_thumbnail.jpg,"1. Grab a medium-sized medicine ball and stand in front of a wall. | 2. Lift the ball in front of your chest and keep your elbows bent. | 3. Have your feet in a comfortable stance for squats, with your toes pointing slightly out. | 4. Engage your abs and take a breath. | 5. Descend into a squat, keeping your heels in contact with the floor. | 6. Move down until your thighs are parallel to the floor, and press through your heels to move up. | 7. As your legs straighten, throw the ball up and against the wall and exhale. | 8. Immediately grab the ball, take another breath, and descend into another squat."
Wall Sit,Other,Quadriceps,Abdominals,assets/media/exercises/ex_0407_video.mp4,assets/media/exercises/ex_0407_thumbnail.jpg,"1. Face away from a wall and stand a few inches away. | 2. Carefully lean back and position your upper back and buttocks against the wall. | 3. Engage your abs and slowly bend your knees to descend into a squat. | 4. Adjust your foot position and have your ankles underneath your knees. Your thighs should be roughly parallel to the floor. | 5. Bring your arms in front of your body or have them to your sides. | 6. Hold the position for 30 to 60 seconds, breathing steadily as you do."
Wide Pull Up,Machine,Lats,"Upper Back, Biceps, Forearms",assets/media/exercises/ex_0408_video.mp4,assets/media/exercises/ex_0408_thumbnail.jpg,"1. Reach up and grab a pull-up bar with a wide overhand grip (palms facing forward). Your hands should be more than shoulder-width apart but not too wide. | 2. Bring your shoulders back, engage your abs, and lift your feet off the floor to suspend yourself in the air. Keep your feet together or bend your knees and interlock your lower legs. | 3. Take a breath and pull yourself up in one fluid motion. Go up until your chin is over the bar and hold for a moment as you exhale. | 4. Slowly lower yourself and breathe in."
Wide-Elbow Triceps Press (Dumbbell),Dumbbell,Triceps,"Chest, Shoulders",assets/media/exercises/ex_0409_video.mp4,assets/media/exercises/ex_0409_thumbnail.jpg,"1. Grab a pair of dumbbells and sit on a flat gym bench. | 2. Place the weights on top of your thighs and hold them steady. | 3. Lie back with your elbows bent and the weights close to your body. | 4. Press the dumbbells to extend your arms. Your palms should face forward (toward your lower body). | 5. Plant your feet on the floor, bring your shoulders back, engage your abs, and breathe in. | 6. Slowly bend your elbows to bring the dumbbells inward and toward your chest. This will force your elbows to flare out to some degree. | 7. Carefully lower the weights on your chest and extend your arms as you exhale."
Wrist Roller,Machine,Forearms,Shoulders,assets/media/exercises/ex_0410_video.mp4,assets/media/exercises/ex_0410_thumbnail.jpg,"1. Grab a wrist roller and attach a weight plate to it. | 2. Stand tall and lift your arms in front of your body with your palms facing down. | 3. Bring your shoulders back and engage your abs. | 4. Inhale and begin rolling the plate up. | 5. Once the plate reaches your hands, roll in the opposite direction to lower the weight to the floor. | 6. Breathe steadily and roll for as long as possible."
Zercher Squat,Barbell,Quadriceps,"Hamstrings, Glutes, Biceps",assets/media/exercises/ex_0411_video.mp4,assets/media/exercises/ex_0411_thumbnail.jpg,"1. Position the barbell at roughly belly button height. | 2. Walk up to the bar and press the crease of your elbows against it. | 3. Bend your arms to create a shelf and press the barbell against your stomach. | 4. Take a couple of steps back, bring your chest out, and take a deep breath into your belly. | 5. Squat by imagining that you’re sitting down in an invisible chair. Keep your heels on the floor and maintain an upright torso. | 6. Go down as comfortably as you can and push through your heels to move to the top position. Exhale."
Zottman Curl (Dumbbell),Dumbbell,Biceps,Forearms,assets/media/exercises/ex_0412_video.mp4,assets/media/exercises/ex_0412_thumbnail.jpg,"1. Grab a pair of dumbbells, stand tall, and position your arms to your sides. | 2. Have the weights in front of your upper thighs with your palms facing forward. | 3. Engage your abs and take a breath. | 4. Curl the dumbbells up until your wrists are slightly higher than your elbows, and breathe out. | 5. As you reach the top position, rotate your wrists 180 degrees and lower the dumbbells to the starting position with your palms facing down. Breathe in on the way down. | 6. Rotate your wrists again and repeat."
Aerobics,None,Cardio,None,None,None,
Climbing,None,Cardio,None,None,None,
Cycling,Machine,Cardio,None,None,None,
HIIT,None,Cardio,None,None,None,
Hiking,None,Cardio,None,None,None,
Kipping Pull Up,Machine,Lats,"Upper Back, Biceps, Forearms",None,None,
Pilates,None,Full Body,None,None,None,
Press Under,Barbell,Full Body,None,None,None,
Side Lying External Rotation,Dumbbell,Shoulders,None,None,assets/media/exercises/ex_0421_thumbnail.jpg,
Skating,None,Cardio,None,None,None,
Skiing,None,Cardio,None,None,None,
Snowboarding,None,Cardio,None,None,None,
Sprints,None,Cardio,None,None,None,
Stretching,None,Other,None,None,None,
Swimming,None,Cardio,None,None,None,
Walking,None,Cardio,None,None,None,
Warm Up,None,Full Body,None,None,None,
Yoga,None,Full Body,None,None,None,
